"","fragment.ID.full","Temp.C","fragment.ID","species","temp.Cat","treatment","genotype","rate.type","umol.cm2.hr","log.rate","K","fragment.ID2","fitted","residuals"
"1","1901_ML2h",19.3328224,"ML2h","DLAB",19,"deep","ML2","GP",1.907688384,1.06735839574511,292.4828224,"ML",1.0731056915208,-0.0057472957756961
"2","1902_ML3h",19.53604715,"ML3h","DLAB",19,"deep","ML3","GP",1.938498465,1.07789872469507,292.68604715,"ML",1.07761150972077,0.000287214974299399
"3","1903_ML1h",19.45609129,"ML1h","DLAB",19,"deep","ML1","GP",1.802045291,1.03034961159575,292.60609129,"ML",1.07583980368433,-0.0454901920885813
"4","2101_ML3d",21.40562804,"ML3d","DLAB",21,"deep","ML3","GP",2.004598083,1.10014380962428,294.55562804,"ML",1.11859507703221,-0.0184512674079276
"5","2102_ML2d",21.33626583,"ML2d","DLAB",21,"deep","ML2","GP",2.03904462,1.11154319628821,294.48626583,"ML",1.11709219162157,-0.00554899533336384
"6","2103_ML1d",21.68847457,"ML1d","DLAB",21,"deep","ML1","GP",3.203016731,1.43580253674311,294.83847457,"ML",1.12470646500716,0.311096071735947
"7","2301_ML3c",23.22482466,"ML3c","DLAB",23,"deep","ML3","GP",1.357514239,0.857607775379982,296.37482466,"ML",1.15729455376004,-0.299686778380061
"8","2302_ML1c",23.29036193,"ML1c","DLAB",23,"deep","ML1","GP",2.477334686,1.24626610551151,296.44036193,"ML",1.15865553414662,0.0876105713648889
"9","2303_ML2c",23.4473848,"ML2c","DLAB",23,"deep","ML2","GP",2.165232715,1.15222658053924,296.5973848,"ML",1.16190403698458,-0.00967745644533768
"10","2601_ML3b",26.63997709,"ML3b","DLAB",26,"deep","ML3","GP",2.303033863,1.19484139855107,299.78997709,"ML",1.22091440013981,-0.0260730015887376
"11","2603_ML2b",26.54160015,"ML2b","DLAB",26,"deep","ML2","GP",2.10290991,1.13234035185109,299.69160015,"ML",1.21943733110716,-0.0870969792560732
"12","2901_ML1e",29.2516397,"ML1e","DLAB",29,"deep","ML1","GP",2.446717625,1.23742236511913,302.4016397,"ML",1.23871719139355,-0.00129482627442745
"13","2902_ML2e",29.31765526,"ML2e","DLAB",29,"deep","ML2","GP",2.600936263,1.28119388470449,302.46765526,"ML",1.23831372582458,0.0428801588799042
"14","2903_ML3e",29.52838307,"ML3e","DLAB",29,"deep","ML3","GP",2.54468594,1.26544956367591,302.67838307,"ML",1.23659017480425,0.0288593888716622
"15","3201_ML2g",32.04993069,"ML2g","DLAB",32,"deep","ML2","GP",2.530568568,1.26145892539734,305.19993069,"ML",1.13397230225866,0.127486623138681
"16","3202_ML3g",32.51734596,"ML3g","DLAB",32,"deep","ML3","GP",2.174450326,1.15513449168739,305.66734596,"ML",1.08927417979811,0.0658603118892767
"17","3203_ML1g",32.632899,"ML1g","DLAB",32,"deep","ML1","GP",1.478410509,0.907617430907113,305.782899,"ML",1.07649145947963,-0.16887402857252
"18","3401_ML2f",34.34418364,"ML2f","DLAB",34,"deep","ML2","GP",1.193630705,0.785558027266241,307.49418364,"ML",0.790890862776812,-0.00533283551057007
"19","3402_ML1f",34.20002571,"ML1f","DLAB",34,"deep","ML1","GP",1.665715765,0.980472601294063,307.35002571,"ML",0.822567829570518,0.157904771723545
"20","3403_ML3f",34.0892056,"ML3f","DLAB",34,"deep","ML3","GP",1.113936438,0.74855181982478,307.2392056,"ML",0.845915399983136,-0.097363580158356
"21","3601_ML2a",36.1426323,"ML2a","DLAB",36,"deep","ML2","GP",0.19819857,0.180819237210123,309.2926323,"ML",0.273060361448002,-0.0922411242378785
"22","3602_ML1a",36.13771908,"ML1a","DLAB",36,"deep","ML1","GP",0.201693961,0.183732195541779,309.28771908,"ML",0.27476648936485,-0.0910342938230715
"23","3603_ML3a",36.80486897,"ML3a","DLAB",36,"deep","ML3","GP",0.176430818,0.162485124226383,309.95486897,"ML",0.0305575790630299,0.131927545163353
"24","1901_SL3h",19.2199366,"SL3h","DLAB",19,"shallow","SL3","GP",1.688542355,0.988999171281496,292.3699366,"SL",0.969908044897893,0.0190911263836029
"25","1902_SL2h",19.42206892,"SL2h","DLAB",19,"shallow","SL2","GP",1.509425405,0.920053804626224,292.57206892,"SL",0.983325964491279,-0.0632721598650549
"26","1903_SL1h",19.44925397,"SL1h","DLAB",19,"shallow","SL1","GP",1.573902296,0.945423150411552,292.59925397,"SL",0.985122705167682,-0.0396995547561303
"27","2101_SL3d",21.51567396,"SL3d","DLAB",21,"shallow","SL3","GP",2.958386648,1.37583653013031,294.66567396,"SL",1.11487962415042,0.260956905979893
"28","2102_SL1d",21.32639312,"SL1d","DLAB",21,"shallow","SL1","GP",1.984213539,1.0933362411082,294.47639312,"SL",1.10366423361253,-0.0103279925043314
"29","2103_SL2d",21.45741354,"SL2d","DLAB",21,"shallow","SL2","GP",1.95717858,1.08423563133628,294.60741354,"SL",1.11144484700581,-0.0272092156695278
"30","2301_SL2c",23.30875991,"SL2c","DLAB",23,"shallow","SL2","GP",2.723066266,1.31454759381894,296.45875991,"SL",1.21140946491281,0.10313812890613
"31","2302_SL1c",23.29593544,"SL1c","DLAB",23,"shallow","SL1","GP",2.147631075,1.1466501302313,296.44593544,"SL",1.21079433259755,-0.0641442023662433
"32","2303_SL3c",23.61940866,"SL3c","DLAB",23,"shallow","SL3","GP",1.742230275,1.00877155828499,296.76940866,"SL",1.22590836735142,-0.217136809066437
"33","2601_SL3b",26.57217737,"SL3b","DLAB",26,"shallow","SL3","GP",3.153569229,1.4239680197878,299.72217737,"SL",1.31119781573441,0.112770204053381
"34","2603_SL2b",26.49152045,"SL2b","DLAB",26,"shallow","SL2","GP",2.4764268,1.24600498467583,299.64152045,"SL",1.31050872664502,-0.0645037419691894
"35","2901_SL3e",29.18734915,"SL3e","DLAB",29,"shallow","SL3","GP",2.230113404,1.17251724621576,302.33734915,"SL",1.26054879422207,-0.0880315480063079
"36","2902_SL2e",29.26573175,"SL2e","DLAB",29,"shallow","SL2","GP",2.690613668,1.30579274991623,302.41573175,"SL",1.25651386768988,0.0492788822263537
"37","2903_SL1e",29.64870274,"SL1e","DLAB",29,"shallow","SL1","GP",2.285980256,1.18966501107603,302.79870274,"SL",1.2344349506913,-0.0447699396152681
"38","3201_SL3g",32.09514643,"SL3g","DLAB",32,"shallow","SL3","GP",2.573124536,1.27344043317777,305.24514643,"SL",0.99695384835489,0.276486584822883
"39","3202_SL2g",32.32156681,"SL2g","DLAB",32,"shallow","SL2","GP",2.165137297,1.15219643443409,305.47156681,"SL",0.966579616779578,0.185616817654517
"40","3203_SL1g",32.79332452,"SL1g","DLAB",32,"shallow","SL1","GP",0.673757244,0.515070946019854,305.94332452,"SL",0.898985349698653,-0.383914403678799
"41","3401_SL3f",34.47471355,"SL3f","DLAB",34,"shallow","SL3","GP",0.814247282,0.59567066103526,307.62471355,"SL",0.615066509806423,-0.0193958487711631
"42","3402_SL1f",34.32729686,"SL1f","DLAB",34,"shallow","SL1","GP",0.444385542,0.367684000678462,307.47729686,"SL",0.642383485987207,-0.274699485308744
"43","3403_SL2f",34.15559362,"SL2f","DLAB",34,"shallow","SL2","GP",1.495403793,0.914450556990423,307.30559362,"SL",0.673659739654361,0.240790817336062
"44","3601_SL1a",35.77479981,"SL1a","DLAB",36,"shallow","SL1","GP",0.351958697,0.301554427597912,308.92479981,"SL",0.357529070292451,-0.0559746426945389
"45","3602_SL3a",36.1597309,"SL3a","DLAB",36,"shallow","SL3","GP",0.443481418,0.367057847159576,309.3097309,"SL",0.276299465080352,0.0907583820792242
"46","3603_SL2a",36.71239797,"SL2a","DLAB",36,"shallow","SL2","GP",0.186004064,0.170589727213845,309.86239797,"SL",0.156398030552822,0.014191696661023
"47","1901_ML2hD",19.3338109,"ML2h","DLAB",19,"deep","ML2","R",0.544479138,0.434686726001365,292.4838109,"ML",0.412195110147422,0.0224916158539428
"48","1902_ML3hD",19.54590947,"ML3h","DLAB",19,"deep","ML3","R",0.578304758,0.456351333054191,292.69590947,"ML",0.414542352163689,0.041808980890502
"49","1903_ML1hD",19.45472572,"ML1h","DLAB",19,"deep","ML1","R",0.441878805,0.36594698886741,292.60472572,"ML",0.413533661326434,-0.0475866724590245
"50","2101_ML3dD",21.30300672,"ML3d","DLAB",21,"deep","ML3","R",0.631776948,0.489669573181562,294.45300672,"ML",0.43385766597897,0.0558119072025922
"51","2102_ML2dD",21.26836022,"ML2d","DLAB",21,"deep","ML2","R",0.579180968,0.456906337952726,294.41836022,"ML",0.433479034165457,0.023427303787269
"52","2103_ML1dD",21.8270676,"ML1d","DLAB",21,"deep","ML1","R",0.684017862,0.521182522652244,294.9770676,"ML",0.439573980420857,0.081608542231386
"53","2301_ML3cD",23.11848415,"ML3c","DLAB",23,"deep","ML3","R",0.388299946,0.328079938162127,296.26848415,"ML",0.453574084175754,-0.125494146013627
"54","2302_ML1cD",23.1751675,"ML1c","DLAB",23,"deep","ML1","R",0.487329789,0.396982424327289,296.3251675,"ML",0.454185786500639,-0.05720336217335
"55","2303_ML2cD",23.51053837,"ML2c","DLAB",23,"deep","ML2","R",0.501059632,0.406171280043394,296.66053837,"ML",0.457800181679383,-0.051628901635989
"56","2601_ML3bD",26.27615762,"ML3b","DLAB",26,"deep","ML3","R",0.723917808,0.54459949593099,299.42615762,"ML",0.487297428860092,0.0573020670708979
"57","2603_ML2bD",26.28826225,"ML2b","DLAB",26,"deep","ML2","R",0.537432729,0.430113966245389,299.43826225,"ML",0.48742533550401,-0.0573113692586214
"58","2902_ML2eD",29.31395372,"ML2e","DLAB",29,"deep","ML2","R",0.657182906,0.505119116178772,302.46395372,"ML",0.519075963988605,-0.0139568478098336
"59","2903_ML3eD",29.63787596,"ML3e","DLAB",29,"deep","ML3","R",0.781239913,0.577309702141596,302.78787596,"ML",0.522426908810617,0.054882793330979
"60","3201_ML2gD",31.79266374,"ML2g","DLAB",32,"deep","ML2","R",0.782387259,0.57795362249817,304.94266374,"ML",0.544536792032175,0.0334168304659951
"61","3202_ML3gD",32.38772117,"ML3g","DLAB",32,"deep","ML3","R",0.828438309,0.603462219454602,305.53772117,"ML",0.550587615370587,0.0528746040840151
"62","3203_ML1gD",32.79479437,"ML1g","DLAB",32,"deep","ML1","R",0.636331313,0.492456731736031,305.94479437,"ML",0.554713368367397,-0.0622566366313659
"63","3401_ML2fD",34.23538693,"ML2f","DLAB",34,"deep","ML2","R",0.54252502,0.43342069708725,307.38538693,"ML",0.569226244812971,-0.135805547725721
"64","3402_ML1fD",34.0524044,"ML1f","DLAB",34,"deep","ML1","R",0.86970935,0.625782990978855,307.2024044,"ML",0.567390381191819,0.058392609787036
"65","3403_ML3fD",33.82543499,"ML3f","DLAB",34,"deep","ML3","R",0.809098529,0.592828670933256,306.97543499,"ML",0.565110156151069,0.0277185147821866
"66","3601_ML2aD",35.87921476,"ML2a","DLAB",36,"deep","ML2","R",0.772858021,0.57259294548743,309.02921476,"ML",0.585621273803687,-0.013028328316257
"67","3602_ML1aD",36.04469143,"ML1a","DLAB",36,"deep","ML1","R",1.024792741,0.705467345196914,309.19469143,"ML",0.587262029124554,0.11820531607236
"68","3603_ML3aD",37.17003587,"ML3a","DLAB",36,"deep","ML3","R",0.70694377,0.534704502437874,310.32003587,"ML",0.598373773443407,-0.0636692710055337
"69","1901_SL3hD",19.21579877,"SL3h","DLAB",19,"shallow","SL3","R",0.483027135,0.394085360358596,292.36579877,"SL",0.390101999148586,0.00398336121001003
"70","1902_SL2hD",19.43234687,"SL2h","DLAB",19,"shallow","SL2","R",0.507843393,0.410680413397141,292.58234687,"SL",0.417770924571059,-0.00709051117391818
"71","1903_SL1hD",19.44155969,"SL1h","DLAB",19,"shallow","SL1","R",0.521212654,0.419507815470186,292.59155969,"SL",0.41876794061599,0.000739874854196021
"72","2101_SL3dD",21.45772564,"SL3d","DLAB",21,"shallow","SL3","R",0.789464391,0.58191635217153,294.60772564,"SL",0.498285066388465,0.0836312857830654
"73","2102_SL1dD",21.2696556,"SL1d","DLAB",21,"shallow","SL1","R",0.694014226,0.527100994069453,294.4196556,"SL",0.495397407352394,0.031703586717059
"74","2103_SL2dD",21.50404909,"SL2d","DLAB",21,"shallow","SL2","R",0.465332141,0.382081934178667,294.65404909,"SL",0.498962373555556,-0.116880439376889
"75","2301_SL2cD",23.22388257,"SL2c","DLAB",23,"shallow","SL2","R",0.841875292,0.610784233043912,296.37388257,"SL",0.520138951322391,0.0906452817215212
"76","2302_SL1cD",23.17216245,"SL1c","DLAB",23,"shallow","SL1","R",0.678744234,0.518046034150975,296.32216245,"SL",0.519549316130576,-0.00150328197960026
"77","2303_SL3cD",23.62773295,"SL3c","DLAB",23,"shallow","SL3","R",0.566456265,0.448815912092823,296.77773295,"SL",0.524713113267897,-0.0758972011750732
"78","2601_SL3bD",26.34459758,"SL3b","DLAB",26,"shallow","SL3","R",0.978372864,0.682274720996752,299.49459758,"SL",0.5548652127291,0.127409508267653
"79","2603_SL2bD",26.23248561,"SL2b","DLAB",26,"shallow","SL2","R",0.608039514,0.475015743837939,299.38248561,"SL",0.553633961081896,-0.0786182172439577
"80","2901_SL3eD",29.05268206,"SL3e","DLAB",29,"shallow","SL3","R",0.629122754,0.488041682213611,302.20268206,"SL",0.584326202176019,-0.0962845199624081
"81","2902_SL2eD",29.1491081,"SL2e","DLAB",29,"shallow","SL2","R",0.804730225,0.590411120780815,302.2991081,"SL",0.585365457309639,0.00504566347117685
"82","2903_SL1eD",29.83615858,"SL1e","DLAB",29,"shallow","SL1","R",0.734324106,0.550617773233822,302.98615858,"SL",0.592751159422452,-0.0421333861886301
"83","3201_SL3gD",31.87590612,"SL3g","DLAB",32,"shallow","SL3","R",1.009473286,0.697872640964562,305.02590612,"SL",0.614482146136577,0.0833904948279848
"84","3202_SL2gD",32.33622934,"SL2g","DLAB",32,"shallow","SL2","R",0.771514141,0.571834627792235,305.48622934,"SL",0.619346184777243,-0.0475115569850073
"85","3203_SL1gD",33.17868881,"SL1g","DLAB",32,"shallow","SL1","R",0.945697399,0.665620472700344,306.32868881,"SL",0.62821023486239,0.0374102378379538
"86","3401_SL3fD",34.46558641,"SL3f","DLAB",34,"shallow","SL3","R",0.741289834,0.554626122519271,307.61558641,"SL",0.64165677261412,-0.0870306500948486
"87","3402_SL1fD",34.13303109,"SL1f","DLAB",34,"shallow","SL1","R",1.109389369,0.746398507025927,307.28303109,"SL",0.638192759895166,0.108205747130761
"88","3403_SL2fD",33.9608438,"SL2f","DLAB",34,"shallow","SL2","R",0.692203491,0.526031520501053,307.1108438,"SL",0.636396249003244,-0.110364728502191
"89","3601_SL1aD",35.37752706,"SL1a","DLAB",36,"shallow","SL1","R",0.940201777,0.662791976429587,308.52752706,"SL",0.651117549769261,0.0116744266603265
"90","3602_SL3aD",36.10300431,"SL3a","DLAB",36,"shallow","SL3","R",1.48049908,0.908459781865933,309.25300431,"SL",0.658604043158391,0.249855738707542
"91","3603_SL2aD",37.03575264,"SL2a","DLAB",36,"shallow","SL2","R",0.645093596,0.497797279863185,310.18575264,"SL",0.668177994140521,-0.170380714277336
"92","1901_MC1h",19.33356546,"MC1h","MCAV",19,"deep","MC1","GP",1.295957347,0.831149901194171,292.48356546,"MC",0.847928269391774,-0.0167783681976031
"93","1902_MC3h",19.43202313,"MC3h","MCAV",19,"deep","MC3","GP",1.477020919,0.907056595768291,292.58202313,"MC",0.849390156368373,0.057666439399918
"94","1903_MC2h",19.42025155,"MC2h","MCAV",19,"deep","MC2","GP",1.224015795,0.799314478431462,292.57025155,"MC",0.8492154443861,-0.0499009659546388
"95","2101_MC1d",21.35530755,"MC1d","MCAV",21,"deep","MC1","GP",1.366134508,0.861257614320662,294.50530755,"MC",0.877640686504998,-0.0163830721843362
"96","2102_MC3d",21.52738297,"MC3d","MCAV",21,"deep","MC3","GP",1.446058617,0.894478001409564,294.67738297,"MC",0.880134660289607,0.0143433411199566
"97","2103_MC2d",21.62496309,"MC2d","MCAV",21,"deep","MC2","GP",1.385855192,0.869557631138245,294.77496309,"MC",0.881545960275776,-0.0119883291375317
"98","2301_MC1c",23.23020435,"MC1c","MCAV",23,"deep","MC1","GP",1.222387648,0.798582135047133,296.38020435,"MC",0.904372939074604,-0.10579080402747
"99","2302_MC3c",23.3904744,"MC3c","MCAV",23,"deep","MC3","GP",1.789966798,1.02602969540404,296.5404744,"MC",0.906600578038145,0.119429117365896
"100","2303_MC2c",23.44965903,"MC2c","MCAV",23,"deep","MC2","GP",1.174520474,0.776808168509046,296.59965903,"MC",0.907420188447983,-0.130612019938937
"101","2601_MC1b",26.52640484,"MC1b","MCAV",26,"deep","MC1","GP",1.771033174,1.0192202376605,299.67640484,"MC",0.945964792461932,0.0732554451985651
"102","2603_MC3b",26.75235871,"MC3b","MCAV",26,"deep","MC3","GP",2.188199421,1.15945631261022,299.90235871,"MC",0.948243463444746,0.211212849165471
"103","2901_MC2e",29.23140276,"MC2e","MCAV",29,"deep","MC2","GP",1.438759211,0.891489389882956,302.38140276,"MC",0.959856258922953,-0.0683668690399966
"104","2902_MC3e",29.30078769,"MC3e","MCAV",29,"deep","MC3","GP",2.034302593,1.10998160996774,302.45078769,"MC",0.959613946251267,0.15036766371647
"105","2903_MC1e",29.5404293,"MC1e","MCAV",29,"deep","MC1","GP",1.371629397,0.863577228203499,302.6904293,"MC",0.958409800040171,-0.0948325718366719
"106","3201_MC1g",32.06145752,"MC1g","MCAV",32,"deep","MC1","GP",1.108773844,0.746106661986611,305.21145752,"MC",0.888606177472011,-0.1424995154854
"107","3202_MC2g",32.36411949,"MC2g","MCAV",32,"deep","MC2","GP",1.268735002,0.819222408320468,305.51411949,"MC",0.869129150219849,-0.049906741899381
"108","3203_MC3g",32.71518562,"MC3g","MCAV",32,"deep","MC3","GP",1.004277078,0.695283436140293,305.86518562,"MC",0.842085172498977,-0.146801736358683
"109","3401_MC1f",34.26697561,"MC1f","MCAV",34,"deep","MC1","GP",0.803426821,0.589688644436201,307.41697561,"MC",0.649506858610541,-0.0598182141743403
"110","3402_MC3f",34.22164823,"MC3f","MCAV",34,"deep","MC3","GP",1.165674188,0.772731716211786,307.37164823,"MC",0.657117508738687,0.115614207473099
"111","3403_MC2f",34.38652553,"MC2f","MCAV",34,"deep","MC2","GP",1.386167053,0.86968833505555,307.53652553,"MC",0.628792866518782,0.240895468536768
"112","3601_MC2a",36.10625602,"MC2a","MCAV",36,"deep","MC2","GP",0.133792838,0.12556850607739,309.25625602,"MC",0.2216915787935,-0.0961230727161103
"113","3602_MC3a",36.36285097,"MC3a","MCAV",36,"deep","MC3","GP",0.166707297,0.154185505220847,309.51285097,"MC",0.143264542596847,0.0109209626240008
"114","3603_MC1a",36.65033847,"MC1a","MCAV",36,"deep","MC1","GP",0.047415093,0.0463253127269663,309.80033847,"MC",0.0502285266624332,-0.00390321393546691
"115","1901_SC1h",19.39425299,"SC1h","MCAV",19,"shallow","SC1","GP",1.065338067,0.725293925846442,292.54425299,"SC",0.749053182971919,-0.0237592571254762
"116","1902_SC3h",19.3466441,"SC3h","MCAV",19,"shallow","SC3","GP",0.800098668,0.587841478955357,292.4966441,"SC",0.747916691523111,-0.160075212567755
"117","1903_SC2h",19.42447989,"SC2h","MCAV",19,"shallow","SC2","GP",0.780322229,0.576794375448578,292.57447989,"SC",0.749774472417932,-0.172980096969354
"118","2101_SC2d",21.33298096,"SC2d","MCAV",21,"shallow","SC2","GP",1.407649882,0.878651119034752,294.48298096,"SC",0.794836185155983,0.0838149338787699
"119","2102_SC1d",21.45490687,"SC1d","MCAV",21,"shallow","SC1","GP",2.071966042,1.12231776118787,294.60490687,"SC",0.797677596272742,0.32464016491513
"120","2103_SC3d",21.42098488,"SC3d","MCAV",21,"shallow","SC3","GP",1.262285416,0.816375548337085,294.57098488,"SC",0.796887596080263,0.0194879522568215
"121","2301_SC2c",23.3352135,"SC2c","MCAV",23,"shallow","SC2","GP",1.600850953,0.955838681095258,296.4852135,"SC",0.84065999462378,0.115178686471478
"122","2302_SC3c",23.61186312,"SC3c","MCAV",23,"shallow","SC3","GP",1.401737875,0.876192589892761,296.76186312,"SC",0.846808763520415,0.0293838263723457
"123","2303_SC1c",23.48283761,"SC1c","MCAV",23,"shallow","SC1","GP",1.142060089,0.761768024386521,296.63283761,"SC",0.843948250983005,-0.0821802265964839
"124","2601_SC1b",26.41209155,"SC1b","MCAV",26,"shallow","SC1","GP",1.44674879,0.894760118790105,299.56209155,"SC",0.903743637632167,-0.00898351884206283
"125","2603_SC3b",26.66562267,"SC3b","MCAV",26,"shallow","SC3","GP",1.274265554,0.821657166874398,299.81562267,"SC",0.908101209191116,-0.0864440423167178
"126","2902_SC1e",29.34181132,"SC1e","MCAV",29,"shallow","SC1","GP",1.656864816,0.977146787049,302.49181132,"SC",0.933689406098503,0.0434573809504978
"127","2902_SC3e",29.22198178,"SC3e","MCAV",29,"shallow","SC3","GP",1.676816393,0.984628175335077,302.37198178,"SC",0.933780193978607,0.0508479813564701
"128","2903_SC2e",29.6355142,"SC2e","MCAV",29,"shallow","SC2","GP",1.392577943,0.872371421870745,302.7855142,"SC",0.932715268668787,-0.0603438467980417
"129","3201_SC3g",31.95133447,"SC3g","MCAV",32,"shallow","SC3","GP",1.040535106,0.71321208032244,305.10133447,"SC",0.867562133956499,-0.15435005363406
"130","3202_SC1g",32.17940159,"SC1g","MCAV",32,"shallow","SC1","GP",1.41497092,0.88168724562417,305.32940159,"SC",0.853091569015315,0.0285956766088552
"131","3203_SC2g",32.87459664,"SC2g","MCAV",32,"shallow","SC2","GP",0.991949234,0.689113673897901,306.02459664,"SC",0.796162762545491,-0.10704908864759
"132","3401_SC1f",34.33883618,"SC1f","MCAV",34,"shallow","SC1","GP",1.03195622,0.708998984208542,307.48883618,"SC",0.598090227762036,0.110908756446506
"133","3402_SC3f",34.10743567,"SC3f","MCAV",34,"shallow","SC3","GP",0.777479063,0.575196103722933,307.25743567,"SC",0.637427951072656,-0.0622318473497222
"134","3403_SC2f",34.23842169,"SC2f","MCAV",34,"shallow","SC2","GP",1.273017893,0.821108416814785,307.38842169,"SC",0.615556717720252,0.205551699094534
"135","3601_SC3a",36.16172824,"SC3a","MCAV",36,"shallow","SC3","GP",0.042284985,0.0414154040180073,309.31172824,"SC",0.171879683840984,-0.130464279822977
"136","3602_SC1a",36.09633697,"SC1a","MCAV",36,"shallow","SC1","GP",0.19458099,0.17779548791304,309.24633697,"SC",0.19070863691102,-0.0129131489979794
"137","3603_SC2a",36.71211758,"SC2a","MCAV",36,"shallow","SC2","GP",0.055108752,0.0536438440798526,309.86211758,"SC",0.00373628234917467,0.049907561730678
"138","1901_MC1hD",19.2924735,"MC1h","MCAV",19,"deep","MC1","R",0.347138089,0.297982408135221,292.4424735,"MC",0.291718025112006,0.0062643830232143
"139","1902_MC3hD",19.40445154,"MC3h","MCAV",19,"deep","MC3","R",0.351268951,0.301044114664794,292.55445154,"MC",0.293114223008965,0.00792989165582869
"140","1903_MC2hD",19.34257855,"MC2h","MCAV",19,"deep","MC2","R",0.330866505,0.285830237613571,292.49257855,"MC",0.292342891950503,-0.00651265433693249
"141","2101_MC1dD",21.31397023,"MC1d","MCAV",21,"deep","MC1","R",0.664235588,0.509365911704533,294.46397023,"MC",0.316759604031709,0.192606307672823
"142","2102_MC3dD",21.59850342,"MC3d","MCAV",21,"deep","MC3","R",0.355648851,0.30428019654289,294.74850342,"MC",0.320256723252586,-0.0159765267096958
"143","2103_MC2dD",21.77137982,"MC2d","MCAV",21,"deep","MC2","R",0.351639954,0.301318635941958,294.92137982,"MC",0.322378204130717,-0.0210595681887586
"144","2301_MC1cD",23.15863413,"MC1c","MCAV",23,"deep","MC1","R",0.308525622,0.268901023996201,296.30863413,"MC",0.339312486469843,-0.0704114624736413
"145","2302_MC3cD",23.32114288,"MC3c","MCAV",23,"deep","MC3","R",0.454033109,0.374341149828689,296.47114288,"MC",0.341285869062289,0.0330552807664005
"146","2303_MC2cD",23.43891057,"MC2c","MCAV",23,"deep","MC2","R",0.367428301,0.312931823226481,296.58891057,"MC",0.342714598843246,-0.029782775616765
"147","2601_MC1bD",26.26288794,"MC1b","MCAV",26,"deep","MC1","R",0.42043732,0.350964796030565,299.41288794,"MC",0.376637820527576,-0.0256730244970105
"148","2603_MC3bD",26.57986174,"MC3b","MCAV",26,"deep","MC3","R",0.521359329,0.419604230609044,299.72986174,"MC",0.380405588412609,0.0391986421964352
"149","2901_MC2eD",29.12331008,"MC2e","MCAV",29,"deep","MC2","R",0.375528738,0.318838193930508,302.27331008,"MC",0.410352661543238,-0.09151446761273
"150","2902_MC3eD",29.27215285,"MC3e","MCAV",29,"deep","MC3","R",0.511957438,0.413405127890238,302.42215285,"MC",0.412089564755956,0.00131556313428249
"151","2903_MC1eD",29.6666095,"MC1e","MCAV",29,"deep","MC1","R",0.333563028,0.287854328614836,302.8166095,"MC",0.416684371671921,-0.128830043057085
"152","3201_MC1gD",31.79719593,"MC1g","MCAV",32,"deep","MC1","R",0.440783787,0.365187262040061,304.94719593,"MC",0.441296892521629,-0.0761096304815679
"153","3202_MC2gD",32.11805294,"MC2g","MCAV",32,"deep","MC2","R",0.51081288,0.412647837104442,305.26805294,"MC",0.444973665441694,-0.0323258283372518
"154","3203_MC3gD",33.04533535,"MC3g","MCAV",32,"deep","MC3","R",0.443471991,0.367051316399522,306.19533535,"MC",0.45555628958534,-0.0885049731858175
"155","3401_MC1fD",34.1523268,"MC1f","MCAV",34,"deep","MC1","R",0.684285108,0.521341205527829,307.3023268,"MC",0.468106214426053,0.0532349911017753
"156","3402_MC3fD",34.12351537,"MC3f","MCAV",34,"deep","MC3","R",0.689950262,0.524699097732658,307.27351537,"MC",0.467780726327082,0.0569183714055759
"157","3403_MC2fD",34.34566865,"MC2f","MCAV",34,"deep","MC2","R",0.823603775,0.600814639436165,307.49566865,"MC",0.470288855359472,0.130525784076693
"158","3601_MC2aD",35.96327333,"MC2a","MCAV",36,"deep","MC2","R",0.652336232,0.502190184655656,309.11327333,"MC",0.488443051159369,0.0137471334962866
"159","3602_MC3aD",36.3242273,"MC3a","MCAV",36,"deep","MC3","R",0.72352688,0.544372703023747,309.4742273,"MC",0.492468096569848,0.0519046064538991
"160","3603_MC1aD",36.93182607,"MC1a","MCAV",36,"deep","MC1","R",0.357490618,0.305637861568185,310.08182607,"MC",0.305637027121411,8.34446774067299e-07
"161","1901_SC1hD",19.41561569,"SC1h","MCAV",19,"shallow","SC1","R",0.266605679,0.236340628747176,292.56561569,"SC",0.215738771361842,0.0206018573853335
"162","1902_SC3hD",19.30810707,"SC3h","MCAV",19,"shallow","SC3","R",0.272552236,0.241024518501785,292.45810707,"SC",0.205739194571551,0.0352853239302336
"163","1903_SC2hD",19.42585568,"SC2h","MCAV",19,"shallow","SC2","R",0.162198543,0.150313507001225,292.57585568,"SC",0.216613976897313,-0.066300469896088
"164","2101_SC2dD",21.2271555,"SC2d","MCAV",21,"shallow","SC2","R",0.316559758,0.275022090492614,294.3771555,"SC",0.27889392263552,-0.00387183214290615
"165","2102_SC1dD",21.36531843,"SC1d","MCAV",21,"shallow","SC1","R",0.457569547,0.376770354742187,294.51531843,"SC",0.280864008119137,0.0959063466230501
"166","2103_SC3dD",21.41432771,"SC3d","MCAV",21,"shallow","SC3","R",0.29012179,0.25473662476987,294.56432771,"SC",0.281538874823871,-0.0268022500540016
"167","2301_SC2cD",23.34600361,"SC2c","MCAV",23,"shallow","SC2","R",0.497716828,0.40394183384813,296.49600361,"SC",0.304125203000243,0.0998166308478864
"168","2302_SC3cD",23.4641731,"SC3c","MCAV",23,"shallow","SC3","R",0.367912707,0.313286006491856,296.6141731,"SC",0.305414821441261,0.00787118505059581
"169","2303_SC1cD",23.52140829,"SC1c","MCAV",23,"shallow","SC1","R",0.221621093,0.200178741472628,296.67140829,"SC",0.306038313673357,-0.105859572200728
"170","2601_SC1bD",26.08233528,"SC1b","MCAV",26,"shallow","SC1","R",0.300146038,0.262476595081248,299.23233528,"SC",0.333524241631128,-0.0710476465498798
"171","2603_SC3bD",26.49573969,"SC3b","MCAV",26,"shallow","SC3","R",0.305539785,0.266616583606522,299.64573969,"SC",0.337909790278934,-0.0712932066724117
"172","2902_SC1eD",29.29628737,"SC1e","MCAV",29,"shallow","SC1","R",0.424806628,0.354036104863461,302.44628737,"SC",0.367301250114018,-0.0132651452505572
"173","2902_SC3eD",29.15800047,"SC3e","MCAV",29,"shallow","SC3","R",0.612523708,0.477800472215367,302.30800047,"SC",0.365862741939164,0.111937730276202
"174","2903_SC2eD",29.80990085,"SC2e","MCAV",29,"shallow","SC2","R",0.409857827,0.343488867391304,302.95990085,"SC",0.372632537207295,-0.029143669815991
"175","3201_SC3gD",31.61821292,"SC3g","MCAV",32,"shallow","SC3","R",0.415265754,0.347317325474867,304.76821292,"SC",0.391259732557117,-0.0439424070822502
"176","3202_SC1gD",27.59180443,"SC1g","MCAV",32,"shallow","SC1","R",0.417867221,0.349153785502755,300.74180443,"SC",0.34947824274056,-0.000324457237804998
"177","3203_SC2gD",33.19486327,"SC2g","MCAV",32,"shallow","SC2","R",0.714058698,0.538864065796901,306.34486327,"SC",0.407321154319799,0.131542911477102
"178","3401_SC1fD",34.25277809,"SC1f","MCAV",34,"shallow","SC1","R",0.591621397,0.464753243184719,307.40277809,"SC",0.418005825810653,0.0467474173740663
"179","3402_SC3fD",33.93322071,"SC3f","MCAV",34,"shallow","SC3","R",0.386693193,0.326921914989402,307.08322071,"SC",0.414786137430593,-0.0878642224411905
"180","3403_SC2fD",34.12546148,"SC2f","MCAV",34,"shallow","SC2","R",0.576655285,0.455305694993608,307.27546148,"SC",0.416723854630323,0.0385818403632853
"181","3601_SC3aD",35.99775842,"SC3a","MCAV",36,"shallow","SC3","R",0.402215476,0.338053468671772,309.14775842,"SC",0.435469897647415,-0.0974164289756433
"182","3602_SC1aD",35.97726159,"SC1a","MCAV",36,"shallow","SC1","R",0.458418395,0.377352557440456,309.12726159,"SC",0.435265906108771,-0.0579133486683149
"183","3603_SC2aD",37.09565366,"SC2a","MCAV",36,"shallow","SC2","R",0.70422516,0.533110555828147,310.24565366,"SC",0.446357141677783,0.0867534141503634
"184","1901_MA1h",19.37902688,"MA1h","PAST",19,"deep","MA1","GP",1.470965259,0.904608867417552,292.52902688,"MA",0.848910473654798,0.0556983937627543
"185","1902_MA3h",19.48575875,"MA3h","PAST",19,"deep","MA3","GP",1.875278379,1.0561494970401,292.63575875,"MA",0.851419710232053,0.204729786808044
"186","1903_MA2h",19.52896285,"MA2h","PAST",19,"deep","MA2","GP",1.302222776,0.833875080595574,292.67896285,"MA",0.852434421472039,-0.0185593408764645
"187","2101_MA1d",21.45057999,"MA1d","PAST",21,"deep","MA1","GP",1.516521337,0.922877526037991,294.60057999,"MA",0.896856730422088,0.0260207956159026
"188","2102_MA3d",21.38205419,"MA3d","PAST",21,"deep","MA3","GP",1.565989862,0.942344315289303,294.53205419,"MA",0.895301387466776,0.0470429278225269
"189","2103_MA2d",21.49053352,"MA2d","PAST",21,"deep","MA2","GP",0.706920936,0.534691125223504,294.64053352,"MA",0.897762360117269,-0.363071234893764
"190","2301_MA1c",23.42211769,"MA1c","PAST",23,"deep","MA1","GP",1.992525504,1.09611768105361,296.57211769,"MA",0.940162635395639,0.155955045657968
"191","2302_MA2c",23.18776135,"MA2c","PAST",23,"deep","MA2","GP",1.147187663,0.764158922156514,296.33776135,"MA",0.935198876647711,-0.171039954491197
"192","2303_MA3c",23.48663306,"MA3c","PAST",23,"deep","MA3","GP",1.418379532,0.883097701000389,296.63663306,"MA",0.941517780683636,-0.0584200796832473
"193","2601_MA2b",26.58172473,"MA2b","PAST",26,"deep","MA2","GP",1.513365251,0.921622592607989,299.73172473,"MA",0.996632256866666,-0.0750096642586769
"194","2603_MA1b",26.51918999,"MA1b","PAST",26,"deep","MA1","GP",2.349469146,1.20880186939965,299.66918999,"MA",0.995819333583698,0.212982535815953
"195","2901_MA2e",29.21553139,"MA2e","PAST",29,"deep","MA2","GP",1.000785946,0.693540076366278,302.36553139,"MA",1.00492815647936,-0.311388080113079
"196","2902_MA3e",29.18732802,"MA3e","PAST",29,"deep","MA3","GP",2.161098158,1.15091948558273,302.33732802,"MA",1.00523008704543,0.145689398537304
"197","2903_MA1e",29.56073867,"MA1e","PAST",29,"deep","MA1","GP",2.055964927,1.1170953944714,302.71073867,"MA",1.00023096929733,0.116864425174074
"198","3201_MA2g",32.17869459,"MA2g","PAST",32,"deep","MA2","GP",1.71965719,1.00050583927683,305.32869459,"MA",0.875366401837823,0.12513943743901
"199","3202_MA1g",32.26629901,"MA1g","PAST",32,"deep","MA1","GP",1.91773164,1.07080647877061,305.41629901,"MA",0.867415048522674,0.203391430247933
"200","3203_MA3g",32.48217587,"MA3g","PAST",32,"deep","MA3","GP",0.774536006,0.573538983684696,305.63217587,"MA",0.846479251274639,-0.272940267589943
"201","3401_MA3f",34.26209419,"MA3f","PAST",34,"deep","MA3","GP",0.694462124,0.527365359498835,307.41209419,"MA",0.591182880574976,-0.0638175210761412
"202","3402_MA2f",34.36207169,"MA2f","PAST",34,"deep","MA2","GP",0.475549449,0.389030428224589,307.51207169,"MA",0.572068762649513,-0.183038334424923
"203","3403_MA1f",34.40576112,"MA1f","PAST",34,"deep","MA1","GP",1.239543321,0.806271970528135,307.55576112,"MA",0.563549330202455,0.24272264032568
"204","3601_MA3a",36.07274286,"MA3a","PAST",36,"deep","MA3","GP",0.062425169,0.0605541901597133,309.22274286,"MA",0.16398472455868,-0.103430534398966
"205","3602_MA1a",36.19863054,"MA1a","PAST",36,"deep","MA1","GP",0.15966263,0.148129126610325,309.34863054,"MA",0.128195901414803,0.019933225195522
"206","3603_MA2a",36.85164852,"MA2a","PAST",36,"deep","MA2","GP",-0.004114508,-0.00412299587833709,310.00164852,"MA",-0.0686679639554144,0.0645449680770773
"207","1901_SA2h",19.32744307,"SA2h","PAST",19,"shallow","SA2","GP",1.114627539,0.748878692498299,292.47744307,"SA",0.854825303084448,-0.10594661058615
"208","1902_SA1h",19.4777328,"SA1h","PAST",19,"shallow","SA1","GP",1.674691663,0.98383410753609,292.6277328,"SA",0.8623061879808,0.12152791955529
"209","1903_SA3h",19.65394764,"SA3h","PAST",19,"shallow","SA3","GP",1.167577667,0.773610261556542,292.80394764,"SA",0.870989670605905,-0.0973794090493629
"210","2101_SA1d",21.27303883,"SA1d","PAST",21,"shallow","SA1","GP",2.122590859,1.13866306075278,294.42303883,"SA",0.945519276449565,0.193143784303214
"211","2102_SA2d",21.34351589,"SA2d","PAST",21,"shallow","SA2","GP",1.341550729,0.850813414578671,294.49351589,"SA",0.948511651420874,-0.0976982368422032
"212","2103_SA3d",21.570029,"SA3d","PAST",21,"shallow","SA3","GP",1.572836187,0.945008865124367,294.720029,"SA",0.957962810700844,-0.0129539455764768
"213","2301_SA1c",23.2329009,"SA1c","PAST",23,"shallow","SA1","GP",2.044376685,1.1132961790583,296.3829009,"SA",1.01816391838472,0.0951322606735734
"214","2302_SA2c",23.46502458,"SA2c","PAST",23,"shallow","SA2","GP",1.70596662,0.995459194121884,296.61502458,"SA",1.02504122593344,-0.0295820318115516
"215","2303_SA3c",23.62506358,"SA3c","PAST",23,"shallow","SA3","GP",1.682080044,0.986592629306009,296.77506358,"SA",1.02952783677808,-0.0429352074720667
"216","2601_SA1b",26.51469882,"SA1b","PAST",26,"shallow","SA1","GP",2.409939985,1.2266946914338,299.66469882,"SA",1.06457338545832,0.162121305975488
"217","2603_SA2b",26.73886193,"SA2b","PAST",26,"shallow","SA2","GP",1.573279697,0.945181232016639,299.88886193,"SA",1.06276954647494,-0.117588314458302
"218","2902_SA2e",29.28028458,"SA2e","PAST",29,"shallow","SA2","GP",1.334028842,0.847595891114491,302.43028458,"SA",0.981009704101831,-0.13341381298734
"219","2903_SA1e",29.62348308,"SA1e","PAST",29,"shallow","SA1","GP",1.461585119,0.900805499752304,302.77348308,"SA",0.960298390182827,-0.0594928904305237
"220","3201_SA1g",32.08356481,"SA1g","PAST",32,"shallow","SA1","GP",1.418903283,0.88331424860452,305.23356481,"SA",0.737963936550064,0.145350312054456
"221","3202_SA2g",32.38364193,"SA2g","PAST",32,"shallow","SA2","GP",1.419524925,0.883571208913404,305.53364193,"SA",0.702058557051852,0.181512651861553
"222","3203_SA3g",32.61849441,"SA3g","PAST",32,"shallow","SA3","GP",0.559174814,0.444156715925286,305.76849441,"SA",0.672686832629317,-0.228530116704031
"223","3401_SA3f",34.21157049,"SA3f","PAST",34,"shallow","SA3","GP",0.30945429,0.269610477903541,307.36157049,"SA",0.445944635211693,-0.176334157308152
"224","3402_SA2f",34.25604849,"SA2f","PAST",34,"shallow","SA2","GP",0.432756823,0.359600436609022,307.40604849,"SA",0.438975934099662,-0.0793754974906406
"225","3403_SA1f",34.07409079,"SA1f","PAST",34,"shallow","SA1","GP",1.308307187,0.836514436409734,307.22409079,"SA",0.467279853010205,0.36923458339953
"226","3601_SA3a",36.01354158,"SA3a","PAST",36,"shallow","SA3","GP",0.073380477,0.0708129925944424,309.16354158,"SA",0.140326194791293,-0.0695132021968511
"227","3602_SA1a",36.25955211,"SA1a","PAST",36,"shallow","SA1","GP",-0.058083156,-0.0598382843108227,309.40955211,"SA",0.0953331026323239,-0.155171386943147
"228","3603_SA2a",36.78332632,"SA2a","PAST",36,"shallow","SA2","GP",0.144828445,0.13525479608629,309.93332632,"SA",-0.00263720430206149,0.137892000388351
"229","1901_MA1hD",19.4234861,"MA1h","PAST",19,"deep","MA1","R",0.412524041,0.345378204070608,292.5734861,"MA",0.310601398505131,0.0347768055654776
"230","1902_MA3hD",19.49327482,"MA3h","PAST",19,"deep","MA3","R",0.433613554,0.360198217713925,292.64327482,"MA",0.311633234145522,0.0485649835684028
"231","1903_MA2hD",19.52287042,"MA2h","PAST",19,"deep","MA2","R",0.314416364,0.273392737450398,292.67287042,"MA",0.312070660494856,-0.0386779230444578
"232","2101_MA1dD",21.41206337,"MA1d","PAST",21,"deep","MA1","R",0.346890996,0.297798970619962,294.56206337,"MA",0.339811259985784,-0.0420122893658212
"233","2102_MA3dD",21.32732854,"MA3d","PAST",21,"deep","MA3","R",0.457194324,0.376512891003319,294.47732854,"MA",0.338574651874499,0.0379382391288193
"234","2103_MA2dD",21.61070082,"MA2d","PAST",21,"deep","MA2","R",0.276250858,0.243926762778589,294.76070082,"MA",0.342707359920727,-0.0987805971421387
"235","2301_MA1cD",23.35205299,"MA1c","PAST",23,"deep","MA1","R",0.579213478,0.456926924361774,296.50205299,"MA",0.367929860027304,0.0889970643344704
"236","2302_MA2cD",23.04485674,"MA2d","PAST",23,"deep","MA2","R",0.447164566,0.369606170277362,296.19485674,"MA",0.363501840795615,0.00610432948174738
"237","2303_MA3cD",23.49818581,"MA3c","PAST",23,"deep","MA3","R",0.434015663,0.36047866471192,296.64818581,"MA",0.370033043546826,-0.0095543788349064
"238","2601_MA2bD",26.38071003,"MA2b","PAST",26,"deep","MA2","R",0.452151358,0.373046152016716,299.53071003,"MA",0.41109964076773,-0.0380534887510139
"239","2603_MA1bD",26.30956201,"MA1b","PAST",26,"deep","MA1","R",0.610709545,0.476674793091847,299.45956201,"MA",0.410095528937812,0.066579264154035
"240","2901_MA2eD",29.13808695,"MA2e","PAST",29,"deep","MA2","R",0.364147752,0.310529876135448,302.28808695,"MA",0.449650366149015,-0.139120490013566
"241","2902_MA3eD",29.09686925,"MA3e","PAST",29,"deep","MA3","R",0.655340322,0.504006620317934,302.24686925,"MA",0.44907928251154,0.0549273378063944
"242","2903_MA1eD",29.71926291,"MA1e","PAST",29,"deep","MA1","R",0.555588209,0.441853743558721,302.86926291,"MA",0.457686186428039,-0.015832442869318
"243","3201_MA2gD",31.90663692,"MA2g","PAST",32,"deep","MA2","R",0.651674506,0.50178962541943,305.05663692,"MA",0.487656147247579,0.0141334781718507
"244","3202_MA1gD",32.14458031,"MA1g","PAST",32,"deep","MA1","R",0.699050806,0.530069745715326,305.29458031,"MA",0.490890391971112,0.0391793537442136
"245","3203_MA3gD",32.56900149,"MA3g","PAST",32,"deep","MA3","R",0.655169676,0.503903526836715,305.71900149,"MA",0.496646836548765,0.00725669028795017
"246","3401_MA3fD",34.08590081,"MA3f","PAST",34,"deep","MA3","R",0.55433904,0.441050400607478,307.23590081,"MA",0.517090615120434,-0.0760402145129559
"247","3402_MA2fD",34.23409028,"MA2f","PAST",34,"deep","MA2","R",0.493500781,0.401122881606599,307.38409028,"MA",0.519076997269386,-0.117954115662787
"248","3403_MA1fD",34.217782,"MA1f","PAST",34,"deep","MA1","R",0.826569022,0.60243935575355,307.367782,"MA",0.518858489322158,0.0835808664313918
"249","3601_MA3aD",35.88783519,"MA3a","PAST",36,"deep","MA3","R",0.835697565,0.607424553684121,309.03783519,"MA",0.541115104234716,0.0663094494494051
"250","3602_MA1aD",36.04676621,"MA1a","PAST",36,"deep","MA1","R",0.769856924,0.570898709420197,309.19676621,"MA",0.543220630403947,0.0276780790162499
"251","3603_MA2aD",37.25858075,"MA2a","PAST",36,"deep","MA2","R",0.289991301,0.254635474939991,310.40858075,"MA",0.254632086431827,3.38850816439251e-06
"252","1901_SA2hD",19.35084681,"SA2h","PAST",19,"shallow","SA2","R",0.29901642,0.261607378101259,292.50084681,"SA",0.313785581990564,-0.0521782038893051
"253","1902_SA1hD",19.39714472,"SA1h","PAST",19,"shallow","SA1","R",0.504518696,0.408473043730592,292.54714472,"SA",0.31705448288184,0.0914185608487527
"254","1903_SA3hD",19.61678121,"SA3h","PAST",19,"shallow","SA3","R",0.330332739,0.285429090643188,292.76678121,"SA",0.330996554892402,-0.045567464249214
"255","2101_SA1dD",21.18383837,"SA1d","PAST",21,"shallow","SA1","R",0.512328147,0.41365028264923,294.33383837,"SA",0.384530776387975,0.0291195062612547
"256","2102_SA2dD",21.24119516,"SA2d","PAST",21,"shallow","SA2","R",0.40477624,0.339878030316046,294.39119516,"SA",0.385622263851329,-0.0457442335352832
"257","2103_SA3dD",21.72830125,"SA3d","PAST",21,"shallow","SA3","R",0.480665251,0.392491480702813,294.87830125,"SA",0.393692618333932,-0.00120113763111873
"258","2301_SA1cD",23.16574393,"SA1c","PAST",23,"shallow","SA1","R",0.729891113,0.548058466066426,296.31574393,"SA",0.410387697665676,0.137670768400749
"259","2302_SA2cD",23.40973362,"SA2c","PAST",23,"shallow","SA2","R",0.493747909,0.401288336864068,296.55973362,"SA",0.412691430441132,-0.0114030935770641
"260","2303_SA3cD",23.71630811,"SA3c","PAST",23,"shallow","SA3","R",0.452400535,0.373217728913801,296.86630811,"SA",0.415475239846452,-0.0422575109326512
"261","2601_SA1bD",26.25362477,"SA1b","PAST",26,"shallow","SA1","R",0.742409348,0.555268838195941,299.40362477,"SA",0.436335547066385,0.118933291129557
"262","2603_SA2bD",26.50437759,"SA2b","PAST",26,"shallow","SA2","R",0.464808833,0.38172474453475,299.65437759,"SA",0.43830424227145,-0.0565794977366992
"263","2901_SA3eD",29.3343961,"SA3e","PAST",29,"shallow","ML1","R",0.51333127,0.414313359948094,302.4843961,"SA",0.460141160616304,-0.0458278006682102
"264","2902_SA2eD",29.25570441,"SA2e","PAST",29,"shallow","SA2","R",0.385158681,0.325814704195666,302.40570441,"SA",0.459541038972661,-0.133726334776995
"265","2903_SA1eD",29.81520736,"SA1e","PAST",29,"shallow","SA1","R",0.757063813,0.563644127839682,302.96520736,"SA",0.463800600619006,0.099843527220676
"266","3201_SA1gD",31.8022994,"SA1g","PAST",32,"shallow","SA1","R",0.58521096,0.460717496264317,304.9522994,"SA",0.478796653019032,-0.0180791567547149
"267","3202_SA2gD",32.43444741,"SA2g","PAST",32,"shallow","SA2","R",0.525290878,0.422185131543008,305.58444741,"SA",0.483525705973431,-0.0613405744304235
"268","3203_SA3gD",32.73801521,"SA3g","PAST",32,"shallow","SA3","R",0.592273553,0.465162902435016,305.88801521,"SA",0.485789683034017,-0.0206267805990014
"269","3401_SA3fD",34.03744971,"SA3f","PAST",34,"shallow","SA3","R",0.443191684,0.366857108114499,307.18744971,"SA",0.495429988167032,-0.128572880052534
"270","3402_SA2fD",34.12666647,"SA2f","PAST",34,"shallow","SA2","R",0.48848033,0.397755686740763,307.27666647,"SA",0.496088876299382,-0.0983331895586184
"271","3403_SA1fD",33.86645805,"SA1f","PAST",34,"shallow","SA1","R",0.782731694,0.578146847468002,307.01645805,"SA",0.494166100112334,0.083980747355668
"272","3601_SA3aD",35.718176,"SA3a","PAST",36,"shallow","SA3","R",0.587956209,0.46244778624824,308.868176,"SA",0.507778559779677,-0.0453307735314367
"273","3602_SA1aD",36.24829061,"SA1a","PAST",36,"shallow","SA1","R",0.858570271,0.619807520640313,309.39829061,"SA",0.511645554451892,0.108161966188421
"274","3603_SA2aD",37.09902335,"SA2a","PAST",36,"shallow","SA2","R",0.926035958,0.655463982983587,310.24902335,"SA",0.517823717011861,0.137640265971726
"275","1901_MF2h",19.40560019,"MF2h","OFRA",19,"deep","MF2","GP",1.635739614,0.969163831032747,292.55560019,"MF",0.948470276980028,0.020693554052719
"276","1902_MF1h",19.39865554,"MF1h","OFRA",19,"deep","MF1","GP",1.686288595,0.988160536484213,292.54865554,"MF",0.948108146457488,0.0400523900267253
"277","1903_MF3h",19.49347799,"MF3h","OFRA",19,"deep","MF3","GP",1.745571621,1.00998929408385,292.64347799,"MF",0.953046544631946,0.0569427494518988
"278","2101_MF2d",21.36124472,"MF2d","OFRA",21,"deep","MF2","GP",1.393573057,0.872787252467958,294.51124472,"MF",1.04700486595964,-0.174217613491679
"279","2102_MF3d",21.743455,"MF3d","OFRA",21,"deep","MF3","GP",2.387580721,1.2201160149994,294.893455,"MF",1.06523841468404,0.154877600315363
"280","2103_MF1d",21.40090918,"MF1d","OFRA",21,"deep","MF1","GP",1.992041785,1.09595602558958,294.55090918,"MF",1.04891609365885,0.0470399319307337
"281","2301_MF1c",23.35465948,"MF1c","OFRA",23,"deep","MF1","GP",1.898130565,1.06406589636878,296.50465948,"MF",1.13647526522045,-0.0724093688516767
"282","2302_MF3c",23.31124917,"MF3c","OFRA",23,"deep","MF3","GP",1.649820842,0.974492030920236,296.46124917,"MF",1.13470346076906,-0.16021142984882
"283","2303_MF2c",23.46014772,"MF2c","OFRA",23,"deep","MF2","GP",1.911612667,1.06870710878142,296.61014772,"MF",1.14073991416529,-0.0720328053838653
"284","2601_MF3b",26.4808542,"MF3b","OFRA",26,"deep","MF3","GP",3.341743933,1.4682760952813,299.6308542,"MF",1.22712945566746,0.241146639613834
"285","2603_MF2b",26.73390461,"MF2b","OFRA",26,"deep","MF2","GP",2.15906256,1.15027532535922,299.88390461,"MF",1.22989940360539,-0.0796240782461735
"286","2901_MF1e",29.22986688,"MF1e","OFRA",29,"deep","MF1","GP",2.479178069,1.24679607882086,302.37986688,"MF",1.19407686035997,0.0527192184608849
"287","2902_MF3e",29.34466851,"MF3e","OFRA",29,"deep","MF3","GP",2.04576322,1.11375151671739,302.49466851,"MF",1.18898371283575,-0.0752321961183604
"288","2903_MF2e",29.58540819,"MF2e","OFRA",29,"deep","MF2","GP",2.183019268,1.15783020169037,302.73540819,"MF",1.17712195817779,-0.0192917564874191
"289","3201_MF3g",32.05995868,"MF3g","OFRA",32,"deep","MF3","GP",1.945361443,1.08023154064232,305.20995868,"MF",0.950525481774276,0.129706058868042
"290","3202_MF2g",32.40541272,"MF2g","OFRA",32,"deep","MF2","GP",1.396214096,0.873890031853884,305.55541272,"MF",0.902547662433596,-0.028657630579712
"291","3203_MF1g",32.66241867,"MF1g","OFRA",32,"deep","MF1","GP",1.657137893,0.977249563436291,305.81241867,"MF",0.864214177449444,0.113035385986847
"292","3401_MF3f",34.24929989,"MF3f","OFRA",34,"deep","MF3","GP",0.510297757,0.412306821453652,307.39929989,"MF",0.579989013761142,-0.167682192307489
"293","3402_MF1f",34.36107548,"MF1f","OFRA",34,"deep","MF1","GP",0.717888442,0.541095886645792,307.51107548,"MF",0.557091065916431,-0.0159951792706392
"294","3403_MF2f",34.53194238,"MF2f","OFRA",34,"deep","MF2","GP",0.582724774,0.459147902232635,307.68194238,"MF",0.521418864123798,-0.0622709618911637
"295","3601_MF1a",36.13279546,"MF1a","OFRA",36,"deep","MF1","GP",0.06097526,0.0591885417351038,309.28279546,"MF",0.152350565058475,-0.0931620233233711
"296","3602_MF3a",36.14535879,"MF3a","OFRA",36,"deep","MF3","GP",0.160905293,0.149200125745033,309.29535879,"MF",0.149235945319267,-3.58195742341805e-05
"297","3603_MF2a",36.78728746,"MF2a","OFRA",36,"deep","MF2","GP",0.16297569,0.150981970480571,309.93728746,"MF",-0.0136275569735802,0.164609527454151
"298","1901_SF3h",19.49839825,"SF3h","OFRA",19,"shallow","SF3","GP",2.837185301,1.34473910329655,292.64839825,"SF",0.934786389318728,0.409952713977819
"299","1902_SF2h",19.51564747,"SF2h","OFRA",19,"shallow","SF2","GP",1.59803068,0.954753727262592,292.66564747,"SF",0.935548914337042,0.0192048129255497
"300","1903_SF1h",19.29413575,"SF1h","OFRA",19,"shallow","SF1","GP",0.994920492,0.690604195913564,292.44413575,"SF",0.925733642336249,-0.235129446422685
"301","2101_SF3d",21.40844613,"SF3d","OFRA",21,"shallow","SF3","GP",1.510874738,0.920631193626475,294.55844613,"SF",1.01692288180458,-0.0962916881781055
"302","2102_SF1d",21.38204952,"SF1d","OFRA",21,"shallow","SF1","GP",1.76679733,1.01769045273009,294.53204952,"SF",1.01582627722103,0.00186417550905937
"303","2103_SF2d",21.35428753,"SF2d","OFRA",21,"shallow","SF2","GP",1.568854873,0.94346022490105,294.50428753,"SF",1.0146715378038,-0.0712113129027456
"304","2301_SF3c",23.23477049,"SF3c","OFRA",23,"shallow","SF3","GP",1.640266583,0.970879890469339,296.38477049,"SF",1.08880007263164,-0.117920182162296
"305","2302_SF1c",23.41529366,"SF1c","OFRA",23,"shallow","SF1","GP",1.782157172,1.02322658795142,296.56529366,"SF",1.09536146242738,-0.0721348744759605
"306","2303_SF2c",23.43753961,"SF2c","OFRA",23,"shallow","SF2","GP",2.466560626,1.24316292835753,296.58753961,"SF",1.0961615208715,0.147001407486024
"307","2601_SF1b",26.60125821,"SF1b","OFRA",26,"shallow","SF1","GP",2.323141607,1.20091060266853,299.75125821,"SF",1.18047940397563,0.0204311986928996
"308","2603_SF2b",26.64301224,"SF2b","OFRA",26,"shallow","SF2","GP",2.008824591,1.10154950116638,299.79301224,"SF",1.18102319685381,-0.0794736956874258
"309","2901_SF1e",29.17168588,"SF1e","OFRA",29,"shallow","SF1","GP",1.777022265,1.02137922593746,302.32168588,"SF",1.16294810787087,-0.141568881933409
"310","2902_SF3e",29.43510785,"SF3e","OFRA",29,"shallow","SF3","GP",2.255648781,1.18039157407885,302.58510785,"SF",1.15350306861644,0.0268885054624124
"311","2903_SF2e",29.55366054,"SF2e","OFRA",29,"shallow","SF2","GP",2.100492465,1.13156095855166,302.70366054,"SF",1.14866272523894,-0.0171017666872857
"312","3201_SF2g",32.0725811,"SF2g","OFRA",32,"shallow","SF2","GP",3.376002778,1.4761356999458,305.2225811,"SF",0.941822923782821,0.534312776162983
"313","3202_SF3g",32.3880204,"SF3g","OFRA",32,"shallow","SF3","GP",2.354513247,1.21030667703671,305.5380204,"SF",0.900012993960089,0.310293683076618
"314","3203_SF1g",32.73067225,"SF1g","OFRA",32,"shallow","SF1","GP",0.901749696,0.642774355042494,305.88067225,"SF",0.850277793625851,-0.207503438583358
"315","3401_SF1f",34.37495529,"SF1f","OFRA",34,"shallow","SF1","GP",0.37633258,0.319422410887668,307.52495529,"SF",0.550129262406419,-0.230706851518751
"316","3402_SF3f",34.20079094,"SF3f","OFRA",34,"shallow","SF3","GP",0.486318187,0.396302046523872,307.35079094,"SF",0.586553439514841,-0.190251392990969
"317","3403_SF2f",34.40521442,"SF2f","OFRA",34,"shallow","SF2","GP",0.339068066,0.291973898874863,307.55521442,"SF",0.543695492213525,-0.251721593338661
"318","3601_SF1a",36.00489498,"SF1a","OFRA",36,"shallow","SF1","GP",0.155847452,0.144833799604727,309.15489498,"SF",0.163228851853934,-0.0183950522492069
"319","3602_SF3a",36.37937032,"SF3a","OFRA",36,"shallow","SF3","GP",0.125513231,0.118239136959702,309.52937032,"SF",0.0641580801617574,0.0540810567979445
"320","3603_SF2a",36.65934967,"SF2a","OFRA",36,"shallow","SF2","GP",0.21337129,0.193402675458271,309.80934967,"SF",-0.0119771722682682,0.205379847726539
"321","1901_MF2hD",19.43796389,"MF2h","OFRA",19,"deep","MF2","R",0.53935115,0.43136099647179,292.58796389,"MF",0.412793910557329,0.0185670859144616
"322","1902_MF1hD",19.34797764,"MF1h","OFRA",19,"deep","MF1","R",0.541404883,0.43269426225605,292.49797764,"MF",0.411240812814706,0.0214534494413448
"323","1903_MF3hD",19.44422971,"MF3h","OFRA",19,"deep","MF3","R",0.449090662,0.370936230049255,292.59422971,"MF",0.412902018514235,-0.0419657884649805
"324","2101_MF2dD",21.266976,"MF2d","OFRA",21,"deep","MF2","R",0.437956876,0.363223269975744,294.416976,"MF",0.44415558452352,-0.0809323145477754
"325","2102_MF3dD",21.87844338,"MF3d","OFRA",21,"deep","MF3","R",0.776184058,0.574467275461373,295.02844338,"MF",0.454553553494848,0.119913721966525
"326","2103_MF1dD",21.32268228,"MF1d","OFRA",21,"deep","MF1","R",0.578405535,0.456415182435781,294.47268228,"MF",0.445104654548065,0.0113105278877164
"327","2301_MF1cD",23.27432908,"MF1c","OFRA",23,"deep","MF1","R",0.612444676,0.477751459641843,296.42432908,"MF",0.478129768518338,-0.000378308876494537
"328","2302_MF3cD",23.15993515,"MF3c","OFRA",23,"deep","MF3","R",0.516561505,0.416445604528166,296.30993515,"MF",0.476206035139888,-0.0597604306117223
"329","2303_MF2cD",23.44509852,"MF2c","OFRA",23,"deep","MF2","R",0.593591187,0.465990077586921,296.59509852,"MF",0.480998793289971,-0.01500871570305
"330","2601_MF3bD",26.19052226,"MF3b","OFRA",26,"deep","MF3","R",0.953493551,0.66961933425338,299.34052226,"MF",0.526674140989682,0.142945193263698
"331","2603_MF2bD",26.56522905,"MF2b","OFRA",26,"deep","MF2","R",0.640305123,0.494882275140595,299.71522905,"MF",0.532843203901204,-0.0379609287606091
"332","2901_MF1eD",29.0884778,"MF1e","OFRA",29,"deep","MF1","R",0.657433278,0.505270187667341,302.2384778,"MF",0.573986914852794,-0.0687167271854532
"333","2902_MF3eD",29.31042849,"MF3e","OFRA",29,"deep","MF3","R",0.881288295,0.631956805454045,302.46042849,"MF",0.577573161277864,0.0543836441761807
"334","2903_MF2eD",29.80618244,"MF2e","OFRA",29,"deep","MF2","R",0.765948437,0.568687904133765,302.95618244,"MF",0.585564503355615,-0.01687659922185
"335","3201_MF3gD",31.66539075,"MF3g","OFRA",32,"deep","MF3","R",0.754178847,0.56200085397424,304.81539075,"MF",0.615302479960207,-0.0533016259859672
"336","3202_MF2gD",32.32540092,"MF2g","OFRA",32,"deep","MF2","R",0.545232886,0.43517463426537,305.47540092,"MF",0.625771702775296,-0.190597068509927
"337","3203_MF1gD",32.89199894,"MF1g","OFRA",32,"deep","MF1","R",1.050441154,0.718054967071919,306.04199894,"MF",0.634721212993103,0.0833337540788156
"338","3401_MF3fD",34.08420877,"MF3f","OFRA",34,"deep","MF3","R",0.867897882,0.6248136712888,307.23420877,"MF",0.653382025892195,-0.028568354603395
"339","3402_MF1fD",34.18432857,"MF1f","OFRA",34,"deep","MF1","R",1.045544708,0.715664114907199,307.33432857,"MF",0.654927255371566,0.0607368595356336
"340","3403_MF2fD",34.52390093,"MF2f","OFRA",34,"deep","MF2","R",1.055415955,0.720478238658031,307.67390093,"MF",0.660102789796716,0.0603754488613141
"341","3601_MF1aD",35.87266693,"MF1a","OFRA",36,"deep","MF1","R",1.205674919,0.791033547778419,309.02266693,"MF",0.674267743779528,0.116765803998891
"342","3602_MF3aD",36.00941798,"MF3a","OFRA",36,"deep","MF3","R",0.780660937,0.576984608305759,309.15941798,"MF",0.673466346476673,-0.0964817381709135
"343","3603_MF2aD",37.16194772,"MF2a","OFRA",36,"deep","MF2","R",0.699637856,0.530415202486581,310.31194772,"MF",0.529652090966845,0.000763111519736404
"344","1901_SF3hD",19.49304113,"SF3h","OFRA",19,"shallow","SF3","R",0.843830738,0.611845330248929,292.64304113,"SF",0.390235940044011,0.221609390204918
"345","1902_SF2hD",19.51943971,"SF2h","OFRA",19,"shallow","SF2","R",0.521763825,0.419870073285737,292.66943971,"SF",0.390746456994368,0.0291236162913686
"346","1903_SF1hD",19.19091299,"SF1h","OFRA",19,"shallow","SF1","R",0.338754333,0.291739579375891,292.34091299,"SF",0.384386556238622,-0.092646976862731
"347","2101_SF3dD",21.37036617,"SF3d","OFRA",21,"shallow","SF3","R",0.371621244,0.31599342996729,294.52036617,"SF",0.426311658204949,-0.110318228237659
"348","2102_SF1dD",21.30931953,"SF1d","OFRA",21,"shallow","SF1","R",0.539080034,0.431184857403222,294.45931953,"SF",0.42514585454409,0.00603900285913161
"349","2103_SF2dD",21.27758548,"SF2d","OFRA",21,"shallow","SF2","R",0.482442453,0.393691033598381,294.42758548,"SF",0.424539637888084,-0.030848604289703
"350","2301_SF3cD",23.20068317,"SF3c","OFRA",23,"shallow","SF3","R",0.514757907,0.415255628832638,296.35068317,"SF",0.461036797633157,-0.0457811688005194
"351","2302_SF1cD",23.35081099,"SF1c","OFRA",23,"shallow","SF1","R",0.499787855,0.405323668105999,296.50081099,"SF",0.463865287758109,-0.0585416196521099
"352","2303_SF2cD",23.47869158,"SF2c","OFRA",23,"shallow","SF2","R",0.714225252,0.538961230444031,296.62869158,"SF",0.466272228447946,0.0726890019960852
"353","2601_SF1bD",26.4218254,"SF1b","OFRA",26,"shallow","SF1","R",0.799759031,0.587652784273841,299.5718254,"SF",0.521009080183959,0.0666437040898823
"354","2603_SF2bD",26.40309888,"SF2b","OFRA",26,"shallow","SF2","R",0.607956158,0.474963905459707,299.55309888,"SF",0.520665315485812,-0.0457014100261049
"355","2901_SF1eD",29.05525251,"SF1e","OFRA",29,"shallow","SF1","R",0.669795079,0.512700911713892,302.20525251,"SF",0.5683915982665,-0.055690686552608
"356","2902_SF3eD",29.349121,"SF3e","OFRA",29,"shallow","SF3","R",0.709543377,0.536226303861292,302.499121,"SF",0.573495910403383,-0.0372696065420903
"357","2903_SF2eD",29.74627788,"SF2e","OFRA",29,"shallow","SF2","R",0.622574959,0.484014368220769,302.89627788,"SF",0.58029449302019,-0.0962801247994209
"358","3201_SF2gD",31.84157037,"SF2g","OFRA",32,"shallow","SF2","R",1.216962157,0.796137861025251,304.99157037,"SF",0.612592320458692,0.183545540566559
"359","3202_SF3gD",32.23966267,"SF3g","OFRA",32,"shallow","SF3","R",0.930910015,0.657991402153407,305.38966267,"SF",0.617474460843995,0.0405169413094129
"360","3203_SF1gD",33.04292242,"SF1g","OFRA",32,"shallow","SF1","R",0.870187967,0.626038942927288,306.19292242,"SF",0.62492765267111,0.00111129025617829
"361","3401_SF1fD",34.21642012,"SF1f","OFRA",34,"shallow","SF1","R",0.931978592,0.658544654983593,307.36642012,"SF",0.625913138675017,0.0326315163085757
"362","3402_SF3fD",33.99825472,"SF3f","OFRA",34,"shallow","SF3","R",0.764595312,0.567921379109603,307.14825472,"SF",0.627003079241157,-0.0590817001315531
"363","3403_SF2fD",34.31069054,"SF2f","OFRA",34,"shallow","SF2","R",0.838339774,0.60886286756703,307.46069054,"SF",0.625209392498447,-0.0163465249314171
"364","3601_SF1aD",35.79788851,"SF1a","OFRA",36,"shallow","SF1","R",0.879676053,0.631099449760357,308.94788851,"SF",0.586604295719946,0.0444951540404104
"365","3602_SF3aD",36.42543869,"SF3a","OFRA",36,"shallow","SF3","R",0.557073043,0.442807804404034,309.57543869,"SF",0.546379848596334,-0.103572044192299
"366","3603_SF2aD",36.94404147,"SF2a","OFRA",36,"shallow","SF2","R",0.733542455,0.550166976757379,310.09404147,"SF",0.496493439658641,0.0536735370987381
