"","fragment.ID.full","Intercept","umol.L.sec","Temp.C","fragment.ID","species","genotype","chamber.channel","run","temp.Cat","light_dark","treatment","surf.area.cm2","volume.mls","volume","umol.sec","BLANK","blank.rate"
"1","1901_Blkh",195.874911632305,-0.000119235863686774,19.2602198123664,"1901Blkh","BLANK","BLANK",10,1901,19,"light","blank",NA,617,0.617,-7.35685278947398e-05,"1",-7.35685278947398e-05
"2","1901_BlkhD",195.859117289218,0.000170626983978533,19.2518354363905,"1901Blkh","BLANK","BLANK",10,1901,19,"dark","blank",NA,617,0.617,0.000105276849114755,"1",0.000105276849114755
"3","1901_MA1h",240.286430767628,0.011000795175058,19.3790268814483,"MA1h","PAST","121",2,1901,19,"light","deep",21.9516272111189,580,0.58,0.00638046120153365,"0",-7.35685278947398e-05
"4","1901_MA1hD",242.697496421479,-0.00415544890592532,19.4234861010071,"MA1h","PAST","121",2,1901,19,"dark","deep",21.9516272111189,580,0.58,-0.00241016036543669,"0",0.000105276849114755
"5","1901_MC1h",216.297337585238,0.00657571592903028,19.3335654629208,"MC1h","MCAV","221",9,1901,19,"light","deep",14.9993449333111,590,0.59,0.00387967239812786,"0",-7.35685278947398e-05
"6","1901_MC1hD",218.433997369372,-0.00227299777867445,19.2924735007879,"MC1h","MCAV","221",9,1901,19,"dark","deep",14.9993449333111,590,0.59,-0.00134106868941792,"0",0.000105276849114755
"7","1901_MF2h",212.894701676491,0.00958281303341672,19.4056001949407,"MF2h","OFRA","322",3,1901,19,"light","deep",18.680193877831,586,0.586,0.0056155284375822,"0",-7.35685278947398e-05
"8","1901_MF2hD",215.873153541224,-0.00459622079721694,19.4379638868021,"MF2h","OFRA","322",3,1901,19,"dark","deep",18.680193877831,586,0.586,-0.00269338538716913,"0",0.000105276849114755
"9","1901_ML2h",200.184863557871,0.0146892958337912,19.3328224044049,"ML2h","DLAB","422",6,1901,19,"light","deep",22.9263301158247,586,0.586,0.00860792735860166,"0",-7.35685278947398e-05
"10","1901_ML2hD",203.927347969135,-0.00573753877316105,19.3338108969844,"ML2h","DLAB","422",6,1901,19,"dark","deep",22.9263301158247,586,0.586,-0.00336219772107237,"0",0.000105276849114755
"11","1901_SA2h",185.106340149294,0.00651259422173386,19.3274430746197,"SA2h","PAST","112",5,1901,19,"light","shallow",17.3134498025607,591,0.591,0.00384894318504471,"0",-7.35685278947398e-05
"12","1901_SA2hD",186.438786840577,-0.00225512743059156,19.3508468096883,"SA2h","PAST","112",5,1901,19,"dark","shallow",17.3134498025607,591,0.591,-0.00133278031147961,"0",0.000105276849114755
"13","1901_SC1h",217.63802414717,0.00745945150690298,19.3942529945339,"SC1h","MCAV","211",4,1901,19,"light","shallow",20.4368248538625,598,0.598,0.00446075200112798,"0",-7.35685278947398e-05
"14","1901_SC1hD",219.197115193779,-0.00235487593773118,19.4156156904848,"SC1h","MCAV","211",4,1901,19,"dark","shallow",20.4368248538625,598,0.598,-0.00140821581076325,"0",0.000105276849114755
"15","1901_SF3h",219.449900832757,0.00794844906541277,19.498398248836,"SF3h","OFRA","313",7,1901,19,"light","shallow",8.77451801251858,602,0.602,0.00478496633737849,"0",-7.35685278947398e-05
"16","1901_SF3hD",221.651284708753,-0.00324160730747073,19.4930411340203,"SF3h","OFRA","313",7,1901,19,"dark","shallow",8.77451801251858,602,0.602,-0.00195144759909738,"0",0.000105276849114755
"17","1901_SL3h",212.99547700735,0.00789425781940084,19.2199366021682,"SL3h","DLAB","413",8,1901,19,"light","shallow",14.2464787430494,595,0.595,0.0046970834025435,"0",-7.35685278947398e-05
"18","1901_SL3hD",215.430100039187,-0.00303568587974497,19.2157987704724,"SL3h","DLAB","413",8,1901,19,"dark","shallow",14.2464787430494,595,0.595,-0.00180623309844826,"0",0.000105276849114755
"19","1902_Blkh",222.830950852264,-7.35013893228376e-05,19.528343493931,"1902Blkh","BLANK","BLANK",7,1902,19,"light","blank",NA,617,0.617,-4.53503572121908e-05,"1",-4.53503572121908e-05
"20","1902_BlkhD",223.131188916001,0.000383313535319552,19.5348278024061,"1902Blkh","BLANK","BLANK",7,1902,19,"dark","blank",NA,617,0.617,0.000236504451292164,"1",0.000236504451292164
"21","1902_MA3h",240.894460543522,0.01355953673345,19.4857587523693,"MA3h","PAST","123",2,1902,19,"light","deep",19.6164296733004,576,0.576,0.00781029315846719,"0",-4.53503572121908e-05
"22","1902_MA3hD",241.832842757839,-0.00369142252897928,19.4932748243545,"MA3h","PAST","123",2,1902,19,"dark","deep",19.6164296733004,576,0.576,-0.00212625937669207,"0",0.000236504451292164
"23","1902_MC3h",201.354949942878,0.0110071683287673,19.4320231324246,"MC3h","MCAV","223",6,1902,19,"light","deep",20.560682471603,580,0.58,0.00638415763068503,"0",-4.53503572121908e-05
"24","1902_MC3hD",203.394974574265,-0.0030512037052751,19.4044515437927,"MC3h","MCAV","223",6,1902,19,"dark","deep",20.560682471603,580,0.58,-0.00176969814905956,"0",0.000236504451292164
"25","1902_MF1h",189.852954722408,0.0114642808859413,19.3986555434852,"MF1h","OFRA","321",10,1902,19,"light","deep",21.0147180023372,579,0.579,0.00663781863296002,"0",-4.53503572121908e-05
"26","1902_MF1hD",192.571844974509,-0.00504992079938113,19.3479776353296,"MF1h","OFRA","321",10,1902,19,"dark","deep",21.0147180023372,579,0.579,-0.00292390414284168,"0",0.000236504451292164
"27","1902_ML3h",221.76628919139,0.0159267087010067,19.5360471535636,"ML3h","DLAB","423",1,1902,19,"light","deep",23.7256692542412,560,0.56,0.00891895687256378,"0",-4.53503572121908e-05
"28","1902_ML3hD",225.232958001848,-0.00638355723288147,19.5459094747748,"ML3h","DLAB","423",1,1902,19,"dark","deep",23.7256692542412,560,0.56,-0.00357479205041362,"0",0.000236504451292164
"29","1902_SA1h",212.815763517096,0.0133310947186958,19.4777328020928,"SA1h","PAST","111",9,1902,19,"light","shallow",23.0245998921057,558,0.558,0.00743875085303227,"0",-4.53503572121908e-05
"30","1902_SA1hD",216.436989514705,-0.00535888345906015,19.3971447183268,"SA1h","PAST","111",9,1902,19,"dark","shallow",23.0245998921057,558,0.558,-0.00299025697015556,"0",0.000236504451292164
"31","1902_SC3h",214.842017359525,0.00441644475416348,19.3466441046179,"SC3h","MCAV","213",8,1902,19,"light","shallow",18.0306243398189,588,0.588,0.00259686951544813,"0",-4.53503572121908e-05
"32","1902_SC3hD",216.536860247499,-0.0019193456861823,19.3081070688707,"SC3h","MCAV","213",8,1902,19,"dark","shallow",18.0306243398189,588,0.588,-0.00112857526347519,"0",0.000236504451292164
"33","1902_SF2h",213.303993989271,0.0116709884548739,19.515647470441,"SF2h","OFRA","312",4,1902,19,"light","shallow",21.7007979208311,552,0.552,0.00644238562709042,"0",-4.53503572121908e-05
"34","1902_SF2hD",215.850577926821,-0.00526936156293631,19.5194397110269,"SF2h","OFRA","312",4,1902,19,"dark","shallow",21.7007979208311,552,0.552,-0.00290868758274085,"0",0.000236504451292164
"35","1902_SL2h",182.516985725092,0.00769075753930582,19.4220689184817,"SL2h","DLAB","412",5,1902,19,"light","shallow",16.444727818204,589,0.589,0.00452985619065113,"0",-4.53503572121908e-05
"36","1902_SL2hD",184.752046542647,-0.00353703562711264,19.4323468735839,"SL2h","DLAB","412",5,1902,19,"dark","shallow",16.444727818204,589,0.589,-0.00208331398436934,"0",0.000236504451292164
"37","1903_Blkh",214.533979777186,-0.000118743267894306,19.4458468144038,"1903Blkh","BLANK","BLANK",3,1903,19,"light","blank",NA,617,0.617,-7.3264596290787e-05,"1",-7.3264596290787e-05
"38","1903_BlkhD",214.994459350249,-0.000152629113335655,19.4835562544342,"1903Blkh","BLANK","BLANK",3,1903,19,"dark","blank",NA,617,0.617,-9.41721629280991e-05,"1",-9.41721629280991e-05
"39","1903_MA2h",214.867488542194,0.00880287974657282,19.5289628509307,"MA2h","PAST","122",4,1903,19,"light","deep",18.6176585789171,572,0.572,0.00503524721503965,"0",-7.3264596290787e-05
"40","1903_MA2hD",216.024267104305,-0.00300734086032406,19.5228704243831,"MA2h","PAST","122",4,1903,19,"dark","deep",18.6176585789171,572,0.572,-0.00172019897210536,"0",-9.41721629280991e-05
"41","1903_MC2h",220.649738825531,0.00818034531719918,19.4202515547789,"MC2h","MCAV","222",1,1903,19,"light","deep",19.1554981970998,572,0.572,0.00467915752143793,"0",-7.3264596290787e-05
"42","1903_MC2hD",222.862322271376,-0.00324248859905553,19.342578553895,"MC2h","MCAV","222",1,1903,19,"dark","deep",19.1554981970998,572,0.572,-0.00185470347865976,"0",-9.41721629280991e-05
"43","1903_MF3h",212.285275097772,0.0144301812040352,19.4934779887046,"MF3h","OFRA","323",9,1903,19,"light","deep",22.7221965417341,562,0.562,0.00810976183666776,"0",-7.3264596290787e-05
"44","1903_MF3hD",215.561122372914,-0.00521122285707682,19.4442297101027,"MF3h","OFRA","323",9,1903,19,"dark","deep",22.7221965417341,562,0.562,-0.00292870724567717,"0",-9.41721629280991e-05
"45","1903_ML1h",190.530142467627,0.0124560665728958,19.4560912873888,"ML1h","DLAB","421",10,1903,19,"light","deep",19.7768476044852,594,0.594,0.00739890354430011,"0",-7.3264596290787e-05
"46","1903_ML1hD",193.003976173209,-0.0042452252068299,19.4547257203807,"ML1h","DLAB","421",10,1903,19,"dark","deep",19.7768476044852,594,0.594,-0.00252166377285696,"0",-9.41721629280991e-05
"47","1903_SA3h",218.133596595083,0.00607523846261993,19.6539476353745,"SA3h","PAST","113",7,1903,19,"light","shallow",15.6227588545683,586,0.586,0.00356008973909528,"0",-7.3264596290787e-05
"48","1903_SA3hD",220.183154859456,-0.00260700062308512,19.616781211406,"SA3h","PAST","113",7,1903,19,"dark","shallow",15.6227588545683,586,0.586,-0.00152770236512788,"0",-9.41721629280991e-05
"49","1903_SC2h",183.491430666222,0.00460515525602685,19.4244798875033,"SC2h","MCAV","212",5,1903,19,"light","shallow",16.43870387,597,0.597,0.00274927768784803,"0",-7.3264596290787e-05
"50","1903_SC2hD",184.415040687515,-0.00139835920757782,19.4258556763912,"SC2h","MCAV","212",5,1903,19,"dark","shallow",16.43870387,597,0.597,-0.000834820446923957,"0",-9.41721629280991e-05
"51","1903_SF1h",199.898226503768,0.00613924950356116,19.2941357479949,"SF1h","OFRA","311",6,1903,19,"light","shallow",19.9377936893687,580,0.58,0.00356076471206547,"0",-7.3264596290787e-05
"52","1903_SF1hD",202.14291751601,-0.0033970468296843,19.1909129936231,"SF1h","OFRA","311",6,1903,19,"dark","shallow",19.9377936893687,580,0.58,-0.00197028716121689,"0",-9.41721629280991e-05
"53","1903_SL1h",237.074347429848,0.0103659415910184,19.4492539745866,"SL1h","DLAB","411",2,1903,19,"light","shallow",21.3075926150488,594,0.594,0.00615736930506495,"0",-7.3264596290787e-05
"54","1903_SL1hD",240.440813977562,-0.00535204203635442,19.4415596934654,"SL1h","DLAB","411",2,1903,19,"dark","shallow",21.3075926150488,594,0.594,-0.00317911296959453,"0",-9.41721629280991e-05
"55","2101_Blk",193.384424650414,0.000252557248193783,21.3240908021251,"2101Blk","BLANK","BLANK",3,2101,21,"light","blank",NA,616,0.616,0.000155575264887371,"1",0.000155575264887371
"56","2101_BlkD",193.386144246355,0.000307902653590934,21.2795030951943,"2101Blk","BLANK","BLANK",3,2101,21,"dark","blank",NA,616,0.616,0.000189668034612015,"1",0.000189668034612015
"57","2101_MA1d",201.879618934836,0.014771626925262,21.4505799910838,"MA1d","PAST","121",1,2101,21,"light","deep",25.0727803756112,562,0.562,0.00830165433199724,"0",0.000155575264887371
"58","2101_MA1dD",203.304999322388,-0.00396140610891836,21.4120633720855,"MA1d","PAST","121",1,2101,21,"dark","deep",25.0727803756112,562,0.562,-0.00222631023321212,"0",0.000189668034612015
"59","2101_MC1d",182.328674192788,0.00839878785143163,21.3553075519201,"MC1d","MCAV","221",6,2101,21,"light","deep",24.1866707709318,580,0.58,0.00487129695383035,"0",0.000155575264887371
"60","2101_MC1dD",186.401630615105,-0.00736726176322823,21.3139702282651,"MC1d","MCAV","221",6,2101,21,"dark","deep",24.1866707709318,580,0.58,-0.00427301182267238,"0",0.000189668034612015
"61","2101_MF2d",213.634476509403,0.013213634078633,21.3612447180108,"MF2d","OFRA","322",2,2101,21,"light","deep",27.4889565362153,564,0.564,0.007452489620349,"0",0.000155575264887371
"62","2101_MF2dD",215.669520673377,-0.00559307160951465,21.2669760022669,"MF2d","OFRA","322",2,2101,21,"dark","deep",27.4889565362153,564,0.564,-0.00315449238776626,"0",0.000189668034612015
"63","2101_ML3d",240.215471617131,0.0123801323188498,21.405628037292,"ML3d","DLAB","423",9,2101,21,"light","deep",18.6164501188554,586,0.586,0.00725475753884599,"0",0.000155575264887371
"64","2101_ML3dD",243.335149782457,-0.00525153541372492,21.303006716977,"ML3d","DLAB","423",9,2101,21,"dark","deep",18.6164501188554,586,0.586,-0.0030773997524428,"0",0.000189668034612015
"65","2101_SA1d",240.803784970436,0.0175163581277778,21.2730388325823,"SA1d","PAST","111",8,2101,21,"light","shallow",21.8954198473282,568,0.568,0.00994929141657778,"0",0.000155575264887371
"66","2101_SA1dD",242.457929131171,-0.0051520123947646,21.1838383664976,"SA1d","PAST","111",8,2101,21,"dark","shallow",21.8954198473282,568,0.568,-0.00292634304022629,"0",0.000189668034612015
"67","2101_SC2d",192.345118467301,0.00942153452360226,21.3329809638457,"SC2d","MCAV","212",4,2101,21,"light","shallow",17.7651991304656,588,0.588,0.00553986229987813,"0",0.000155575264887371
"68","2101_SC2dD",193.758354143798,-0.00233415637623093,21.2271554970092,"SC2d","MCAV","212",4,2101,21,"dark","shallow",17.7651991304656,588,0.588,-0.00137248394922379,"0",0.000189668034612015
"69","2101_SF3d",216.403654776933,0.0102982093374856,21.4084461266929,"SF3d","OFRA","313",10,2101,21,"light","shallow",18.3176467274099,578,0.578,0.00595236499706669,"0",0.000155575264887371
"70","2101_SF3dD",218.732270713861,-0.00294330149378845,21.3703661741061,"SF3d","OFRA","313",10,2101,21,"dark","shallow",18.3176467274099,578,0.578,-0.00170122826340972,"0",0.000189668034612015
"71","2101_SL3d",244.160704674297,0.0134625605140061,21.5156739556224,"SL3d","DLAB","413",7,2101,21,"light","shallow",12.7914295590008,584,0.584,0.00786213534017958,"0",0.000155575264887371
"72","2101_SL3dD",246.870584617804,-0.00447848802569519,21.4577256381973,"SL3d","DLAB","413",7,2101,21,"dark","shallow",12.7914295590008,584,0.584,-0.00261543700700599,"0",0.000189668034612015
"73","2102_Blk",245.070456855967,0.000429548251435173,21.42894881476,"2102Blk","BLANK","BLANK",8,2102,21,"light","blank",NA,620,0.62,0.000266319915889807,"1",0.000266319915889807
"74","2102_BlkD",244.928717015343,0.000833900255869329,21.5908351207853,"2102Blk","BLANK","BLANK",8,2102,21,"dark","blank",NA,620,0.62,0.000517018158638984,"1",0.000517018158638984
"75","2102_MA3d",225.60235666551,0.0120680020618539,21.3820541906184,"MA3d","PAST","123",2,2102,21,"light","deep",21.155595679491,562,0.562,0.00678221715876187,"0",0.000266319915889807
"76","2102_MA3dD",224.863220763159,-0.00386069241960068,21.3273285395588,"MA3d","PAST","123",2,2102,21,"dark","deep",21.155595679491,562,0.562,-0.00216970913981558,"0",0.000517018158638984
"77","2102_MC3d",216.490270973767,0.0130846660552084,21.5273829706828,"MC3d","MCAV","221",10,2102,21,"light","deep",23.7010700586849,569,0.569,0.00744517498541357,"0",0.000266319915889807
"78","2102_MC3dD",216.105850561568,-0.00320640156884722,21.5985034187613,"MC3d","MCAV","221",10,2102,21,"dark","deep",23.7010700586849,569,0.569,-0.00182444249267407,"0",0.000517018158638984
"79","2102_MF3d",245.555363858244,0.0184613219874044,21.7434550021953,"MF3d","OFRA","323",7,2102,21,"light","deep",22.8317212999437,568,0.568,0.0104860308888457,"0",0.000266319915889807
"80","2102_MF3dD",245.834329394391,-0.00775643227911933,21.8784433812329,"MF3d","OFRA","323",7,2102,21,"dark","deep",22.8317212999437,568,0.568,-0.00440565353453978,"0",0.000517018158638984
"81","2102_ML2d",168.869150433333,0.0119368917562775,21.3362658300577,"ML2d","DLAB","422",5,2102,21,"light","deep",16.5928613341044,586,0.586,0.00699501856917863,"0",0.000266319915889807
"82","2102_ML2dD",168.634930306175,-0.00367321014189148,21.2683602214867,"ML2d","DLAB","422",5,2102,21,"dark","deep",16.5928613341044,586,0.586,-0.0021525011431484,"0",0.000517018158638984
"83","2102_SA2d",198.547106289718,0.00810111990329789,21.3435158855754,"SA2d","PAST","112",4,2102,21,"light","shallow",16.7842683546698,572,0.572,0.00463384058468639,"0",0.000266319915889807
"84","2102_SA2dD",197.664260387165,-0.00239539999279555,21.2411951630553,"SA2d","PAST","112",4,2102,21,"dark","shallow",16.7842683546698,572,0.572,-0.00137016879587905,"0",0.000517018158638984
"85","2102_SC1d",243.880611025888,0.0167929059707175,21.4549068735617,"SC1d","MCAV","211",9,2102,21,"light","shallow",20.9007572177026,574,0.574,0.00963912802719187,"0",0.000266319915889807
"86","2102_SC1dD",242.035304210815,-0.0037273928750276,21.3653184264296,"SC1d","MCAV","211",9,2102,21,"dark","shallow",20.9007572177026,574,0.574,-0.00213952351026584,"0",0.000517018158638984
"87","2102_SF1d",199.882285066632,0.0134416757025633,21.3820495161781,"SF1d","OFRA","311",3,2102,21,"light","shallow",22.1189823380107,581,0.581,0.00780961358318926,"0",0.000266319915889807
"88","2102_SF1dD",199.298786819959,-0.00481097550838476,21.309319529631,"SF1d","OFRA","311",3,2102,21,"dark","shallow",22.1189823380107,581,0.581,-0.00279517677037155,"0",0.000517018158638984
"89","2102_SL1d",184.611354419946,0.0113370386973716,21.3263931222148,"SL1d","DLAB","411",6,2102,21,"light","shallow",17.414445076288,574,0.574,0.00650746021229129,"0",0.000266319915889807
"90","2102_SL1dD",185.658024718322,-0.00494802906099702,21.269655599664,"SL1d","DLAB","411",6,2102,21,"dark","shallow",17.414445076288,574,0.574,-0.00284016868101229,"0",0.000517018158638984
"91","2103_Blk",166.544259070721,-7.41940152512991e-05,21.4564144115716,"2103Blk","BLANK","BLANK",5,2103,21,"light","blank",NA,616,0.616,-4.57035133948003e-05,"1",-4.57035133948003e-05
"92","2103_BlkD",166.679559076997,0.000122195425912851,21.5979320345528,"2103Blk","BLANK","BLANK",5,2103,21,"dark","blank",NA,616,0.616,7.52723823623163e-05,"1",7.52723823623163e-05
"93","2103_MA2d",182.153903663395,0.00379054836035883,21.4905335237819,"MA2d","PAST","122",6,2103,21,"light","deep",18.4427437249738,570,0.57,0.00216061256540453,"0",-4.57035133948003e-05
"94","2103_MA2dD",184.197755700495,-0.00235080077729546,21.6107008202404,"MA2d","PAST","122",6,2103,21,"dark","deep",18.4427437249738,570,0.57,-0.00133995644305841,"0",7.52723823623163e-05
"95","2103_MC2d",238.385646180087,0.0140479082585693,21.6249630900308,"MC2d","MCAV","222",9,2103,21,"light","deep",28.4229230675902,578,0.578,0.00811969097345304,"0",-4.57035133948003e-05
"96","2103_MC2dD",241.101483387038,-0.00467303670336491,21.7713798228289,"MC2d","MCAV","222",9,2103,21,"dark","deep",28.4229230675902,578,0.578,-0.00270101521454492,"0",7.52723823623163e-05
"97","2103_MF1d",200.563020061844,0.012472320312878,21.4009091774411,"MF1d","OFRA","321",1,2103,21,"light","deep",18.3479557318634,574,0.574,0.00715911185959199,"0",-4.57035133948003e-05
"98","2103_MF1dD",202.804709965098,-0.00500463539187493,21.3226822789191,"MF1d","OFRA","321",1,2103,21,"dark","deep",18.3479557318634,574,0.574,-0.00287266071493621,"0",7.52723823623163e-05
"99","2103_ML1d",242.113655428826,0.0320609719269665,21.6884745696509,"ML1d","DLAB","421",7,2103,21,"light","deep",26.2741229712859,572,0.572,0.0183388759422248,"0",-4.57035133948003e-05
"100","2103_ML1dD",245.986051847228,-0.00859605130636999,21.8270676026246,"ML1d","DLAB","421",7,2103,21,"dark","deep",26.2741229712859,572,0.572,-0.00491694134724364,"0",7.52723823623163e-05
"101","2103_SA3d",210.01069433966,0.0115349574609352,21.5700290003606,"SA3d","PAST","113",10,2103,21,"light","shallow",21.8988770567065,572,0.572,0.00659799566765495,"0",-4.57035133948003e-05
"102","2103_SA3dD",213.473417276411,-0.004980112985666,21.7283012465118,"SA3d","PAST","113",10,2103,21,"dark","shallow",21.8988770567065,572,0.572,-0.00284862462780095,"0",7.52723823623163e-05
"103","2103_SC3d",194.328320415527,0.00570425027088315,21.4209848770341,"SC3d","MCAV","213",3,2103,21,"light","shallow",12.5897424018767,588,0.588,0.00335409915927929,"0",-4.57035133948003e-05
"104","2103_SC3dD",195.215978142796,-0.00159749528993154,21.4143277050134,"SC3d","MCAV","213",3,2103,21,"dark","shallow",12.5897424018767,588,0.588,-0.000939327230479746,"0",7.52723823623163e-05
"105","2103_SF2d",217.391642613433,0.0110087061553969,21.3542875313599,"SF2d","OFRA","312",2,2103,21,"light","shallow",20.6526973736383,562,0.562,0.00618689285933304,"0",-4.57035133948003e-05
"106","2103_SF2dD",219.926578250654,-0.00479080536031028,21.2775854837785,"SF2d","OFRA","312",2,2103,21,"dark","shallow",20.6526973736383,562,0.562,-0.00269243261249438,"0",7.52723823623163e-05
"107","2103_SL2d",193.96498390854,0.00877707233136179,21.4574135431524,"SL2d","DLAB","412",4,2103,21,"light","shallow",12.606548361382,590,0.59,0.00517847267550346,"0",-4.57035133948003e-05
"108","2103_SL2dD",195.209310081387,-0.00263429922881617,21.5040490924033,"SL2d","DLAB","412",4,2103,21,"dark","shallow",12.606548361382,590,0.59,-0.00155423654500154,"0",7.52723823623163e-05
"109","2301_Blkc",170.352230014768,-0.000458359689921619,23.1823888956584,"2301_Blkc","BLANK","BLANK",4,2301,23,"light","blank",NA,584,0.584,-0.000267682058914226,"1",-0.000267682058914226
"110","2301_BlkcD",171.084492650754,-0.000249377937128742,23.0673521409002,"2301_Blkc","BLANK","BLANK",4,2301,23,"dark","blank",NA,584,0.584,-0.000145636715283185,"1",-0.000145636715283185
"111","2301_MA1c",167.734097042773,0.0107487119054568,23.4221176909286,"MA1c","PAST","121",7,2301,23,"light","deep",16.0689564084201,562,0.562,0.00604077609086673,"0",-0.000267682058914226
"112","2301_MA1cD",172.433752567118,-0.00485945448203343,23.3520529872967,"MA1c","PAST","121",7,2301,23,"dark","deep",16.0689564084201,562,0.562,-0.00273101341890279,"0",-0.000145636715283185
"113","2301_MC1c",140.745150033689,0.0102111899168914,23.2302043540824,"MC1c","MCAV","221",5,2301,23,"light","deep",25.792985413721,615,0.615,0.00627988179888822,"0",-0.000267682058914226
"114","2301_MC1cD",144.737901678466,-0.00383111520034824,23.1586341289387,"MC1c","MCAV","221",5,2301,23,"dark","deep",25.792985413721,615,0.615,-0.00235613584821417,"0",-0.000145636715283185
"115","2301_MF1c",161.239950273627,0.0112450378058419,23.3546594781196,"MF1c","OFRA","321",9,2301,23,"light","deep",19.2007918610814,586,0.586,0.00658959215422337,"0",-0.000267682058914226
"116","2301_MF1cD",168.033565728142,-0.00582276968135655,23.2743290840301,"MF1c","OFRA","321",9,2301,23,"dark","deep",19.2007918610814,586,0.586,-0.00341214303327494,"0",-0.000145636715283185
"117","2301_ML3c",181.115080472023,0.0122955051517337,23.2248246550599,"ML3c","DLAB","423",2,2301,23,"light","deep",27.7567647240294,586,0.586,0.00720516601891594,"0",-0.000267682058914226
"118","2301_ML3cD",188.132494643907,-0.00535752864294655,23.1184841508813,"ML3c","DLAB","423",2,2301,23,"dark","deep",27.7567647240294,586,0.586,-0.00313951178476668,"0",-0.000145636715283185
"119","2301_SA1c",153.852669437386,0.0116987289516818,23.232900899343,"SA1c","PAST","111",6,2301,23,"light","shallow",19.1237617630017,574,0.574,0.00671507041826533,"0",-0.000267682058914226
"120","2301_SA1cD",163.210965600317,-0.00700859268631255,23.1657439296028,"SA1c","PAST","111",6,2301,23,"dark","shallow",19.1237617630017,574,0.574,-0.0040229322019434,"0",-0.000145636715283185
"121","2301_SC2c",147.703297032533,0.00850505159537839,23.3352135015374,"SC2c","MCAV","212",10,2301,23,"light","shallow",17.19387352461,588,0.588,0.00500097033808249,"0",-0.000267682058914226
"122","2301_SC2cD",152.58053647153,-0.00429042534182647,23.3460036055975,"SC2c","MCAV","212",10,2301,23,"dark","shallow",17.19387352461,588,0.588,-0.00252277010099396,"0",-0.000145636715283185
"123","2301_SF3c",162.633598243459,0.0111850101726489,23.2347704921304,"SF3c","OFRA","313",8,2301,23,"light","shallow",21.5346403715654,578,0.578,0.00646493587979104,"0",-0.000267682058914226
"124","2301_SF3cD",168.625611416094,-0.00557930534964637,23.2006831743563,"SF3c","OFRA","313",8,2301,23,"dark","shallow",21.5346403715654,578,0.578,-0.0032248384920956,"0",-0.000145636715283185
"125","2301_SL2c",155.613229510233,0.0148488978869547,23.3087599119499,"SL2c","DLAB","412",3,2301,23,"light","shallow",16.4252507941066,560,0.56,0.00831538281669461,"0",-0.000267682058914226
"126","2301_SL2cD",164.546517622482,-0.00711919889796067,23.2238825718342,"SL2c","DLAB","412",3,2301,23,"dark","shallow",16.4252507941066,560,0.56,-0.00398675138285798,"0",-0.000145636715283185
"127","2302_Blkc",173.745082750757,-0.000825448672515997,23.262330422385,"2302_Blkc","BLANK","BLANK",9,2302,23,"light","blank",NA,615,0.615,-0.000507650933597338,"1",-0.000507650933597338
"128","2302_BlkcD",174.714235822927,-0.000758583192257406,23.1187052445098,"2302_Blkc","BLANK","BLANK",9,2302,23,"dark","blank",NA,615,0.615,-0.000466528663238305,"1",-0.000466528663238305
"129","2302_MA2c",168.85593641034,0.00411413949702136,23.1877613530851,"MA2c","PAST","122",8,2302,23,"light","deep",15.0725951659099,589,0.589,0.00242322816374558,"0",-0.000507650933597338
"130","2302_MA2cD",171.516637267795,-0.00397068179044958,23.0448567446794,"MA2c","PAST","122",8,2302,23,"dark","deep",15.0725951659099,589,0.589,-0.0023387315745748,"0",-0.000466528663238305
"131","2302_MC3c",194.353128662318,0.0151895051828494,23.3904743960975,"MC3c","MCAV","223",2,2302,23,"light","deep",24.6172724281502,568,0.568,0.00862763894385844,"0",-0.000507650933597338
"132","2302_MC3cD",198.526522950201,-0.00628744128058371,23.3211428803591,"MC3c","MCAV","223",2,2302,23,"dark","deep",24.6172724281502,568,0.568,-0.00357126664737155,"0",-0.000466528663238305
"133","2302_MF3c",147.782319713657,0.0107183389678825,23.3112491677526,"MF3c","OFRA","323",10,2302,23,"light","deep",21.0885065650102,572,0.572,0.00613088988962878,"0",-0.000507650933597338
"134","2302_MF3cD",151.140249331519,-0.00610577597383888,23.1599351507636,"MF3c","OFRA","323",10,2302,23,"dark","deep",21.0885065650102,572,0.572,-0.00349250385703584,"0",-0.000466528663238305
"135","2302_ML1c",148.770698436301,0.0138879206786955,23.2903619262472,"ML1c","DLAB","421",5,2302,23,"light","deep",15.6409166995859,586,0.586,0.00813832151771555,"0",-0.000507650933597338
"136","2302_ML1cD",151.093699415474,-0.00440926612504335,23.1751674968544,"ML1c","DLAB","421",5,2302,23,"dark","deep",15.6409166995859,586,0.586,-0.0025838299492754,"0",-0.000466528663238305
"137","2302_SA2c",172.762598167623,0.0124960895394162,23.4650245803447,"SA2c","PAST","112",1,2302,23,"light","shallow",23.0687449405215,581,0.581,0.00726022802240082,"0",-0.000507650933597338
"138","2302_SA2cD",176.707643975753,-0.00624863634131824,23.409733619141,"SA2c","PAST","112",1,2302,23,"dark","shallow",23.0687449405215,581,0.581,-0.0036304577143059,"0",-0.000466528663238305
"139","2302_SC3c",173.376395454184,0.00847745373485945,23.6118631198892,"SC3c","MCAV","213",7,2302,23,"light","shallow",18.8895253882565,580,0.58,0.00491692316621848,"0",-0.000507650933597338
"140","2302_SC3cD",175.696504725627,-0.00413275843336337,23.4641731017837,"SC3c","MCAV","213",7,2302,23,"dark","shallow",18.8895253882565,580,0.58,-0.00239699989135075,"0",-0.000466528663238305
"141","2302_SF1c",169.059745633677,0.0108226270989457,23.4152936598255,"SF1c","OFRA","311",3,2302,23,"light","shallow",19.0469223116522,580,0.58,0.00627712371738853,"0",-0.000507650933597338
"142","2302_SF1cD",171.793710383618,-0.00536346917666051,23.3508109931457,"SF1c","OFRA","311",3,2302,23,"dark","shallow",19.0469223116522,580,0.58,-0.00311081212246309,"0",-0.000466528663238305
"143","2302_SL1c",157.002653498372,0.0123250866669606,23.2959354399753,"SL1c","DLAB","411",6,2302,23,"light","shallow",18.5828490678841,574,0.574,0.00707459974683536,"0",-0.000507650933597338
"144","2302_SL1cD",161.221601463135,-0.00691662062161317,23.1721624517834,"SL1c","DLAB","411",6,2302,23,"dark","shallow",18.5828490678841,574,0.574,-0.00397014023680596,"0",-0.000466528663238305
"145","2303_Blkc",168.209260167869,-0.00080114256295108,23.4777852901634,"2303_Blkc","BLANK","BLANK",3,2303,23,"light","blank",NA,612,0.612,-0.000490299248526061,"1",-0.000490299248526061
"146","2303_BlkcD",169.005108521136,-0.000688294701078288,23.5564002476811,"2303_Blkc","BLANK","BLANK",3,2303,23,"dark","blank",NA,612,0.612,-0.000421236357059912,"1",-0.000421236357059912
"147","2303_MA3c",150.647592588495,0.0137537838751989,23.4866330624104,"MA3c","PAST","123",10,2303,23,"light","deep",30.0617827897883,562,0.562,0.00772962653786176,"0",-0.000490299248526061
"148","2303_MA3cD",154.10283593167,-0.00719836667814049,23.498185808611,"MA3c","PAST","123",10,2303,23,"dark","deep",30.0617827897883,562,0.562,-0.00404548207311496,"0",-0.000421236357059912
"149","2303_MC2c",168.077607000577,0.00675773985448334,23.4496590309425,"MC2c","MCAV","222",4,2303,23,"light","deep",19.609386530605,578,0.578,0.00390597363589137,"0",-0.000490299248526061
"150","2303_MC2cD",171.080979112765,-0.00419141410189591,23.4389105678347,"MC2c","MCAV","222",4,2303,23,"dark","deep",19.609386530605,578,0.578,-0.00242263735089583,"0",-0.000421236357059912
"151","2303_MF2c",175.948412167935,0.0105724929946966,23.4601477176019,"MF2c","OFRA","322",1,2303,23,"light","deep",17.914789086641,574,0.574,0.00606861097895586,"0",-0.000490299248526061
"152","2303_MF2cD",179.18456688757,-0.00588003862111248,23.4450985163195,"MF2c","OFRA","322",1,2303,23,"dark","deep",17.914789086641,574,0.574,-0.00337514216851856,"0",-0.000421236357059912
"153","2303_ML2c",169.900532844063,0.0150467667051223,23.4473848048256,"ML2c","DLAB","422",8,2303,23,"light","deep",19.6139709840228,570,0.57,0.00857665702191971,"0",-0.000490299248526061
"154","2303_ML2cD",173.156197684456,-0.00552837229999523,23.5105383677164,"ML2c","DLAB","422",8,2303,23,"dark","deep",19.6139709840228,570,0.57,-0.00315117221099728,"0",-0.000421236357059912
"155","2303_SA3c",171.380363336014,0.0110940897153592,23.6250635767642,"SA3c","PAST","113",9,2303,23,"light","shallow",20.1757614701915,577,0.577,0.00640128976576225,"0",-0.000490299248526061
"156","2303_SA3cD",174.870105275422,-0.00512419418810517,23.7163081062109,"SA3c","PAST","113",9,2303,23,"dark","shallow",20.1757614701915,577,0.577,-0.00295666004653668,"0",-0.000421236357059912
"157","2303_SC1c",146.212948995798,0.011205143457709,23.4828376129538,"SC1c","MCAV","211",5,2303,23,"light","shallow",26.8980690765683,570,0.57,0.00638693177089411,"0",-0.000490299248526061
"158","2303_SC1cD",147.733790921626,-0.00364406937933108,23.5214082860423,"SC1c","MCAV","211",5,2303,23,"dark","shallow",26.8980690765683,570,0.57,-0.00207711954621872,"0",-0.000421236357059912
"159","2303_SF2c",158.901823175422,0.0116779073501285,23.4375396078208,"SF2c","OFRA","312",6,2303,23,"light","shallow",14.7301849232542,572,0.572,0.0066797630042735,"0",-0.000490299248526061
"160","2303_SF2cD",163.356959659144,-0.00584553269084563,23.4786915758146,"SF2c","OFRA","312",6,2303,23,"dark","shallow",14.7301849232542,572,0.572,-0.0033436446991637,"0",-0.000421236357059912
"161","2303_SL3c",171.355378573284,0.0109358816940171,23.6194086591151,"SL3c","DLAB","413",7,2303,23,"light","shallow",21.2565423225344,590,0.59,0.00645217019947006,"0",-0.000490299248526061
"162","2303_SL3cD",174.879002528707,-0.00638293429832167,23.6277329507722,"SL3c","DLAB","413",7,2303,23,"dark","shallow",21.2565423225344,590,0.59,-0.00376593123600978,"0",-0.000421236357059912
"163","2601_Blkb",176.323385936126,-0.000200697588619636,26.3592185422102,"2601_Blkb","BLANK","BLANK",4,2601,26,"light","blank",NA,614,0.614,-0.000123228319412457,"1",-0.000123228319412457
"164","2601_BlkbD",176.340570641292,3.30000216859278e-05,25.9725212093573,"2601_Blkb","BLANK","BLANK",4,2601,26,"dark","blank",NA,614,0.614,2.02620133151597e-05,"1",2.02620133151597e-05
"165","2601_MA2b",182.870681654348,0.0101939527623596,26.5817247348636,"MA2b","PAST","122",10,2601,26,"light","deep",20.4060642127952,578,0.578,0.00589210469664386,"0",-0.000123228319412457
"166","2601_MA2bD",186.168130169773,-0.00439911879489471,26.3807100331732,"MA2b","PAST","122",10,2601,26,"dark","deep",20.4060642127952,578,0.578,-0.00254269066344914,"0",2.02620133151597e-05
"167","2601_MC1b",168.257363881452,0.0133637586388675,26.5264048438174,"MC1b","MCAV","221",3,2601,26,"light","deep",21.3804557012731,591,0.591,0.00789798135557069,"0",-0.000123228319412457
"168","2601_MC1bD",171.976924669895,-0.00419073051343191,26.2628879359591,"MC1b","MCAV","221",3,2601,26,"dark","deep",21.3804557012731,591,0.591,-0.00247672173343826,"0",2.02620133151597e-05
"169","2601_MF3b",204.851582543595,0.029747643326474,26.4808541954119,"MF3b","OFRA","323",8,2601,26,"light","deep",25.4760712693406,564,0.564,0.0167776708361314,"0",-0.000123228319412457
"170","2601_MF3bD",210.420522082102,-0.0119278597326714,26.190522255112,"MF3b","OFRA","323",8,2601,26,"dark","deep",25.4760712693406,564,0.564,-0.00672731288922665,"0",2.02620133151597e-05
"171","2601_ML3b",213.620070037196,0.021722627611315,26.6399770884955,"ML3b","DLAB","423",7,2601,26,"light","deep",27.6172402928366,552,0.552,0.0119908904414459,"0",-0.000123228319412457
"172","2601_ML3bD",220.595929355553,-0.0100239879283421,26.2761576228682,"ML3b","DLAB","423",7,2601,26,"dark","deep",27.6172402928366,552,0.552,-0.00553324133644484,"0",2.02620133151597e-05
"173","2601_SA1b",186.43409187897,0.0139672385341846,26.5146988205482,"SA1b","PAST","111",2,2601,26,"light","shallow",17.5742040391557,574,0.574,0.00801719491862193,"0",-0.000123228319412457
"174","2601_SA1bD",191.039691986239,-0.00627870214859133,26.2536247674634,"SA1b","PAST","111",2,2601,26,"dark","shallow",17.5742040391557,574,0.574,-0.00360397503329142,"0",2.02620133151597e-05
"175","2601_SC1b",163.450460913664,0.0126862891750355,26.4120915509171,"SC1b","MCAV","211",6,2601,26,"light","shallow",23.4093738434104,578,0.578,0.00733267514317053,"0",-0.000123228319412457
"176","2601_SC1bD",164.911288210421,-0.00334164146414973,26.0823352777815,"SC1b","MCAV","211",6,2601,26,"dark","shallow",23.4093738434104,578,0.578,-0.00193146876627854,"0",2.02620133151597e-05
"177","2601_SF1b",170.773156840172,0.0110313518092728,26.6012582129142,"SF1b","OFRA","311",1,2601,26,"light","shallow",15.5936368025716,587,0.587,0.00647540351204312,"0",-0.000123228319412457
"178","2601_SF1bD",175.534289817879,-0.00586703038930456,26.4218253962686,"SF1b","OFRA","311",1,2601,26,"dark","shallow",15.5936368025716,587,0.587,-0.00344394683852177,"0",2.02620133151597e-05
"179","2601_SL3b",210.102869507363,0.012699458209977,26.5721773741975,"SL3b","DLAB","413",9,2601,26,"light","shallow",12.7726471170681,598,0.598,0.00759427600956623,"0",-0.000123228319412457
"180","2601_SL3bD",214.163207740281,-0.00577084173678904,26.3445975791966,"SL3b","DLAB","413",9,2601,26,"dark","shallow",12.7726471170681,598,0.598,-0.00345096335859984,"0",2.02620133151597e-05
"181","2602_Blkb",187.137259947432,-0.000512184398455894,26.5976686466815,"2602_Blkb","BLANK","BLANK",10,2602,26,"light","blank",NA,614,0.614,-0.000314481220651919,"1",-0.000314481220651919
"182","2602_BlkbD",204.048565415713,-0.0664835290489374,26.4705530415345,"2602_Blkb","BLANK","BLANK",10,2602,26,"dark","blank",NA,614,0.614,-0.0408208868360476,"1",-0.0408208868360476
"183","2602_MA3b",176.191948328448,0.0194790666959841,26.8126862189573,"MA3b","PAST","123",3,2602,26,"light","deep",23.7555343092224,564,0.564,0.010986193616535,"0",-0.000314481220651919
"184","2602_MA3bD",182.878628964657,-0.00865589265709485,26.6892976934139,"MA3b","PAST","123",3,2602,26,"dark","deep",23.7555343092224,564,0.564,-0.0048819234586015,"0",-0.0408208868360476
"185","2602_MC2b",159.491923563339,0.00951473839889238,26.6435392016615,"MC2b","MCAV","222",6,2602,26,"light","deep",19.0428413017063,592,0.592,0.00563272513214429,"0",-0.000314481220651919
"186","2602_MC2bD",163.003691301551,-0.00423689993241321,26.5109377185868,"MC2b","MCAV","222",6,2602,26,"dark","deep",19.0428413017063,592,0.592,-0.00250824475998862,"0",-0.0408208868360476
"187","2602_MF1b",146.163418317691,0.0106317720445958,26.6701242721898,"MF1b","OFRA","321",5,2602,26,"light","deep",17.9098365566061,570,0.57,0.00606011006541962,"0",-0.000314481220651919
"188","2602_MF1bD",149.402497301127,-0.0044696162612421,26.5551176087835,"MF1b","OFRA","321",5,2602,26,"dark","deep",17.9098365566061,570,0.57,-0.00254768126890799,"0",-0.0408208868360476
"189","2602_ML1b",199.206178503847,0.0214260133614328,26.6386294344561,"ML1b","DLAB","421",2,2602,26,"light","deep",22.4230089554961,582,0.582,0.0124699397763539,"0",-0.000314481220651919
"190","2602_ML1bD",205.361190748712,-0.00904535828922299,26.4483135812303,"ML1b","DLAB","421",2,2602,26,"dark","deep",22.4230089554961,582,0.582,-0.00526439852432778,"0",-0.0408208868360476
"191","2602_SA3b",208.360866219609,0.0114531902722558,26.4437332192968,"SA3b","PAST","113",8,2602,26,"light","shallow",16.8706647870225,571,0.571,0.00653977164545809,"0",-0.000314481220651919
"192","2602_SA3bD",214.746792769808,-0.00621782652303992,26.1757160166535,"SA3b","PAST","113",8,2602,26,"dark","shallow",16.8706647870225,571,0.571,-0.00355037894465579,"0",-0.0408208868360476
"193","2602_SC2b",177.506296458493,0.00829930392683311,26.7908135416291,"SC2b","MCAV","212",1,2602,26,"light","shallow",11.9583214195156,590,0.59,0.00489658931683153,"0",-0.000314481220651919
"194","2602_SC2bD",179.914026499445,-0.00325933274296319,26.7214257282068,"SC2b","MCAV","212",1,2602,26,"dark","shallow",11.9583214195156,590,0.59,-0.00192300631834828,"0",-0.0408208868360476
"195","2602_SF3b",219.162213243995,0.0107592278293365,26.8158296560161,"SF3b","OFRA","313",7,2602,26,"light","shallow",16.25633160903,579,0.579,0.00622959291318585,"0",-0.000314481220651919
"196","2602_SF3bD",222.066679374546,-0.00482776029661972,26.6575338631462,"SF3b","OFRA","313",7,2602,26,"dark","shallow",16.25633160903,579,0.579,-0.00279527321174282,"0",-0.0408208868360476
"197","2602_SL1b",167.616233848286,0.0116927543913395,26.6571226748022,"SL1b","DLAB","411",4,2602,26,"light","shallow",18.5476757611704,570,0.57,0.00666487000306349,"0",-0.000314481220651919
"198","2602_SL1bD",173.1470882037,-0.0069271192150033,26.4487512509701,"SL1b","DLAB","411",4,2602,26,"dark","shallow",18.5476757611704,570,0.57,-0.00394845795255188,"0",-0.0408208868360476
"199","2603_Blkb",191.002377649194,-0.000728254403388628,26.6142795985417,"2603_Blkb","BLANK","BLANK",2,2603,26,"light","blank",NA,614,0.614,-0.000447148203680617,"1",-0.000447148203680617
"200","2603_BlkbD",192.087055746883,-0.000945280398082678,26.445235965997,"2603_Blkb","BLANK","BLANK",2,2603,26,"dark","blank",NA,614,0.614,-0.000580402164422764,"1",-0.000580402164422764
"201","2603_MA1b",171.571516326229,0.0156434424002728,26.5191899904285,"MA1b","PAST","121",8,2603,26,"light","deep",18.7396517953014,550,0.55,0.00860389332015007,"0",-0.000447148203680617
"202","2603_MA1bD",173.897644107992,-0.0068353191987541,26.3095620080193,"MA1b","PAST","121",8,2603,26,"dark","deep",18.7396517953014,550,0.55,-0.00375942555931476,"0",-0.000580402164422764
"203","2603_MC3b",183.393206951909,0.0204474685930903,26.7523587093244,"MC3b","MCAV","223",1,2603,26,"light","deep",25.6964242905517,560,0.56,0.0114505824121306,"0",-0.000447148203680617
"204","2603_MC3bD",185.743321173685,-0.00768180472452112,26.5798617379835,"MC3b","MCAV","223",1,2603,26,"dark","deep",25.6964242905517,560,0.56,-0.00430181064573183,"0",-0.000580402164422764
"205","2603_MF2b",167.041639227524,0.0167115046366181,26.7339046140692,"MF2b","OFRA","322",4,2603,26,"light","deep",23.7973397424326,574,0.574,0.00959240366141881,"0",-0.000447148203680617
"206","2603_MF2bD",170.621897346846,-0.00838511727584897,26.5652290477804,"MF2b","OFRA","322",4,2603,26,"dark","deep",23.7973397424326,574,0.574,-0.00481305731633731,"0",-0.000580402164422764
"207","2603_ML2b",149.071698827799,0.0136537332750703,26.5416001460746,"ML2b","DLAB","422",5,2603,26,"light","deep",18.642758640968,561,0.561,0.00765974436731443,"0",-0.000447148203680617
"208","2603_ML2bD",151.368449867327,-0.00599558152075691,26.288262247757,"ML2b","DLAB","422",5,2603,26,"dark","deep",18.642758640968,561,0.561,-0.00336352123314463,"0",-0.000580402164422764
"209","2603_SA2b",174.3253813729,0.00979324268411085,26.738861930811,"SA2b","PAST","112",7,2603,26,"light","shallow",19.9631188577204,582,0.582,0.00569966724215252,"0",-0.000447148203680617
"210","2603_SA2bD",178.097693077216,-0.00542596495686414,26.5043775909026,"SA2b","PAST","112",7,2603,26,"dark","shallow",19.9631188577204,582,0.582,-0.00315791160489493,"0",-0.000580402164422764
"211","2603_SC3b",173.258151392283,0.00802523372767969,26.6656226677852,"SC3b","MCAV","213",9,2603,26,"light","shallow",19.0190080832915,582,0.582,0.00467068602950958,"0",-0.000447148203680617
"212","2603_SC3bD",175.234202747836,-0.00377076719766555,26.4957396919498,"SC3b","MCAV","213",9,2603,26,"dark","shallow",19.0190080832915,582,0.582,-0.00219458650904135,"0",-0.000580402164422764
"213","2603_SF2b",170.398771537017,0.0150704426775925,26.6430122418658,"SF2b","OFRA","312",3,2603,26,"light","shallow",23.3018235910758,572,0.572,0.00862029321158289,"0",-0.000447148203680617
"214","2603_SF2bD",174.119178838817,-0.0078942963013031,26.4030988793364,"SF2b","OFRA","312",3,2603,26,"dark","shallow",23.3018235910758,572,0.572,-0.00451553748434537,"0",-0.000580402164422764
"215","2603_SL2b",161.225778619485,0.0143899715559805,26.4915204490855,"SL2b","DLAB","412",6,2603,26,"light","shallow",17.1647631916679,588,0.588,0.00846130327491653,"0",-0.000447148203680617
"216","2603_SL2bD",164.326229932608,-0.00591756521913002,26.23248560793,"SL2b","DLAB","412",6,2603,26,"dark","shallow",17.1647631916679,588,0.588,-0.00347952834884845,"0",-0.000580402164422764
"217","2901_Blke",155.083480504932,-0.000931199077095839,29.3221628931571,"2901_Blke","BLANK","BLANK",9,2901,29,"light","blank",NA,614,0.614,-0.000571756233336845,"1",-0.000571756233336845
"218","2901_BlkeD",156.345650521111,-0.00103228614217909,29.2876774410983,"2901_Blke","BLANK","BLANK",9,2901,29,"dark","blank",NA,614,0.614,-0.000633823691297962,"1",-0.000633823691297962
"219","2901_MA2e",150.19583347345,0.00685201027695123,29.2155313946038,"MA2e","PAST","122",8,2901,29,"light","deep",25.9770631272638,587,0.587,0.00402213003257037,"0",-0.000571756233336845
"220","2901_MA2eD",153.229626447304,-0.00555614916738696,29.1380869465932,"MA2e","PAST","122",8,2901,29,"dark","deep",25.9770631272638,587,0.587,-0.00326145956125614,"0",-0.000633823691297962
"221","2901_MC2e",148.874934270333,0.00808091198371874,29.2314027553106,"MC2e","MCAV","222",3,2901,29,"light","deep",17.531809227078,570,0.57,0.00460611983071968,"0",-0.000571756233336845
"222","2901_MC2eD",151.374504881277,-0.00432040130414541,29.1233100796191,"MC2e","MCAV","222",3,2901,29,"dark","deep",17.531809227078,570,0.57,-0.00246262874336288,"0",-0.000633823691297962
"223","2901_MF1e",146.995268654148,0.0240771618988454,29.229866877919,"MF1e","OFRA","321",1,2901,29,"light","deep",28.1074635472444,567,0.567,0.0136517507966453,"0",-0.000571756233336845
"224","2901_MF1eD",150.075848158461,-0.0101707560238306,29.0884778035474,"MF1e","OFRA","321",1,2901,29,"dark","deep",28.1074635472444,567,0.567,-0.00576681866551193,"0",-0.000633823691297962
"225","2901_ML1e",133.605420145517,0.0171690956932229,29.2516397022586,"ML1e","DLAB","421",10,2901,29,"light","deep",19.7985501495009,586,0.586,0.0100610900762286,"0",-0.000571756233336845
"226","2901_ML1eD",136.47386795256,-0.00722424335510165,29.1269532929065,"ML1e","DLAB","421",10,2901,29,"dark","deep",19.7985501495009,586,0.586,-0.00423340660608957,"0",-0.000633823691297962
"227","2901_SA3e",152.038630131654,0.0106904547804594,29.4272110556886,"SA3e","PAST","113",7,2901,29,"light","shallow",19.7631827352458,585,0.585,0.00625391604656876,"0",-0.000571756233336845
"228","2901_SA3eD",155.36631839496,-0.00590067662652551,29.3343961036475,"SA3e","PAST","113",7,2901,29,"dark","shallow",19.7631827352458,585,0.585,-0.00345189582651742,"0",-0.000633823691297962
"229","2901_SC1e",191.014982128735,0.00810500231928273,21.5353174281702,NA,NA,NA,NA,NA,NA,NA,NA,NA,NA,NA,NA,NA,NA
"230","2901_SC1eD",184.444045142286,-0.00437494610555526,22.1995647803036,NA,NA,NA,NA,NA,NA,NA,NA,NA,NA,NA,NA,NA,NA
"231","2901_SF1e",165.040874640385,0.00989361876953322,29.1716858758584,"SF1e","OFRA","311",2,2901,29,"light","shallow",20.7736361025879,588,0.588,0.00581744783648553,"0",-0.000571756233336845
"232","2901_SF1eD",168.706676465223,-0.00765109812958756,29.0552525102702,"SF1e","OFRA","311",2,2901,29,"dark","shallow",20.7736361025879,588,0.588,-0.00449884570019748,"0",-0.000633823691297962
"233","2901_SL3e",137.139656696911,0.0154361425848363,29.1873491522514,"SL3e","DLAB","413",6,2901,29,"light","shallow",21.1396782761011,572,0.572,0.00882947355852634,"0",-0.000571756233336845
"234","2901_SL3eD",141.232552084909,-0.00756663651587575,29.0526820583452,"SL3e","DLAB","413",6,2901,29,"dark","shallow",21.1396782761011,572,0.572,-0.00432811608708093,"0",-0.000633823691297962
"235","2902_Blke",151.058190236059,-0.000911285453497129,29.2723704287308,"2902_Blke","BLANK","BLANK",4,2902,29,"light","blank",NA,620,0.62,-0.00056499698116822,"1",-0.00056499698116822
"236","2902_BlkeD",151.854314887958,-0.000678382061710074,29.2669170641223,"2902_Blke","BLANK","BLANK",4,2902,29,"dark","blank",NA,620,0.62,-0.000420596878260246,"1",-0.000420596878260246
"237","2902_MA3e",145.594080896665,0.0153935966517452,29.1873280203616,"MA3e","PAST","123",8,2902,29,"light","deep",22.4759363257498,574,0.574,0.00883592447810173,"0",-0.00056499698116822
"238","2902_MA3eD",150.799425244557,-0.00786078982758766,29.0968692520069,"MA3e","PAST","123",8,2902,29,"dark","deep",22.4759363257498,574,0.574,-0.00451209336103531,"0",-0.000420596878260246
"239","2902_MC3e",130.096726715978,0.0158752589376071,29.3007876926307,"MC3e","MCAV","223",5,2902,29,"light","deep",22.1340117470291,554,0.554,0.00879489345143434,"0",-0.00056499698116822
"240","2902_MC3eD",134.447818110663,-0.00644094499700176,29.2721528527765,"MC3e","MCAV","223",5,2902,29,"dark","deep",22.1340117470291,554,0.554,-0.00356828352833898,"0",-0.000420596878260246
"241","2902_MF3e",154.709081740706,0.0159168635288539,29.3446685108527,"MF3e","OFRA","323",1,2902,29,"light","deep",29.6472601029022,567,0.567,0.00902486162086017,"0",-0.00056499698116822
"242","2902_MF3eD",169.368506097737,-0.0135420008234329,29.3104284924668,"MF3e","OFRA","323",1,2902,29,"dark","deep",29.6472601029022,567,0.567,-0.00767831446688645,"0",-0.000420596878260246
"243","2902_ML2e",151.176532777829,0.0123238771102868,29.3176552624809,"ML2e","DLAB","422",3,2902,29,"light","deep",14.1022608584603,572,0.572,0.00704925770708404,"0",-0.00056499698116822
"244","2902_ML2eD",153.997742401546,-0.00523597199641933,29.3139537211354,"ML2e","DLAB","422",3,2902,29,"dark","deep",14.1022608584603,572,0.572,-0.00299497598195186,"0",-0.000420596878260246
"245","2902_SA2e",140.054694645209,0.00756432145413069,29.2802845831528,"SA2e","PAST","112",6,2902,29,"light","shallow",18.7028725260182,577,0.577,0.00436461347903341,"0",-0.00056499698116822
"246","2902_SA2eD",143.343897966866,-0.00419686235418054,29.255704405895,"SA2e","PAST","112",6,2902,29,"dark","shallow",18.7028725260182,577,0.577,-0.00242158957836217,"0",-0.000420596878260246
"247","2902_SC1e",134.67465425271,0.00964392618303424,29.3418113168741,"SC1e","MCAV","211",10,2902,29,"light","shallow",17.4874699944485,562,0.562,0.00541988651486524,"0",-0.00056499698116822
"248","2902_SC1eD",136.807780474445,-0.00442019668359648,29.2962873745209,"SC1e","MCAV","211",10,2902,29,"dark","shallow",17.4874699944485,562,0.562,-0.00248415053618122,"0",-0.000420596878260246
"249","2902_SC3e",167.065263121158,0.00993449471840544,29.2219817772156,"SC3e","MCAV","213",2,2902,29,"light","shallow",21.0652319550248,570,0.57,0.0056626619894911,"0",-0.00056499698116822
"250","2902_SC3eD",173.033571545329,-0.00702587852830921,29.1580004671169,"SC3e","MCAV","213",2,2902,29,"dark","shallow",21.0652319550248,570,0.57,-0.00400475076113625,"0",-0.000420596878260246
"251","2902_SF3e",147.835345252183,0.0206808745141674,29.4351078505501,"SF3e","OFRA","313",7,2902,29,"light","shallow",27.8965605053951,552,0.552,0.0114158427318204,"0",-0.00056499698116822
"252","2902_SF3eD",153.970775669022,-0.0107226089488145,29.3491209971158,"SF3e","OFRA","313",7,2902,29,"dark","shallow",27.8965605053951,552,0.552,-0.00591888013974561,"0",-0.000420596878260246
"253","2902_SL2e",145.925599674338,0.013284060556853,29.2657317502011,"SL2e","DLAB","412",9,2902,29,"light","shallow",15.7862924632408,580,0.58,0.00770475512297475,"0",-0.00056499698116822
"254","2902_SL2eD",150.614288117031,-0.00680931774347832,29.1491081007134,"SL2e","DLAB","412",9,2902,29,"dark","shallow",15.7862924632408,580,0.58,-0.00394940429121743,"0",-0.000420596878260246
"255","2903_Blke",145.49507074354,-0.000930228595872517,29.617412324206,"2903_Blke","BLANK","BLANK",3,2903,29,"light","blank",NA,556,0.556,-0.000517207099305119,"1",-0.000517207099305119
"256","2903_BlkeD",146.527025245508,-0.000912160273723268,29.8556895978978,"2903_Blke","BLANK","BLANK",3,2903,29,"dark","blank",NA,556,0.556,-0.000507161112190137,"1",-0.000507161112190137
"257","2903_MA1e",134.191257414076,0.0133409161040316,29.560738673388,"MA1e","PAST","121",6,2903,29,"light","deep",19.7428575391743,578,0.578,0.00771104950813024,"0",-0.000517207099305119
"258","2903_MA1eD",137.699865305276,-0.00614892294949687,29.7192629127327,"MA1e","PAST","121",6,2903,29,"dark","deep",19.7428575391743,578,0.578,-0.00355407746480919,"0",-0.000507161112190137
"259","2903_MC1e",130.046110096538,0.00834779766490685,29.5404293000127,"MC1e","MCAV","221",10,2903,29,"light","deep",19.7426971493422,620,0.62,0.00517563455224225,"0",-0.000517207099305119
"260","2903_MC1eD",132.520213409496,-0.00376846498439026,29.6666095008601,"MC1e","MCAV","221",10,2903,29,"dark","deep",19.7426971493422,620,0.62,-0.00233644829032196,"0",-0.000507161112190137
"261","2903_MF2e",162.469568867075,0.0104059010901686,29.5854081917473,"MF2e","OFRA","322",2,2903,29,"light","deep",16.2765396928566,566,0.566,0.00588974001703543,"0",-0.000517207099305119
"262","2903_MF2eD",166.311247552403,-0.0070145122415717,29.8061824361561,"MF2e","OFRA","322",2,2903,29,"dark","deep",16.2765396928566,566,0.566,-0.00397021392872958,"0",-0.000507161112190137
"263","2903_ML3e",134.335697268356,0.0257268404757942,29.5283830741295,"ML3e","DLAB","423",8,2903,29,"light","deep",31.8327226068509,586,0.586,0.0150759285188154,"0",-0.000517207099305119
"264","2903_ML3eD",141.70293863364,-0.0126539502414723,29.6378759628222,"ML3e","DLAB","423",8,2903,29,"dark","deep",31.8327226068509,586,0.586,-0.00741521484150274,"0",-0.000507161112190137
"265","2903_SA1e",149.72086692448,0.0082725965865748,29.6234830765452,"SA1e","PAST","111",1,2903,29,"light","shallow",27.0759228353286,578,0.578,0.00478156082704023,"0",-0.000517207099305119
"266","2903_SA1eD",160.808906936137,-0.010728556987274,29.8152073597478,"SA1e","PAST","111",1,2903,29,"dark","shallow",27.0759228353286,578,0.578,-0.0062011059386444,"0",-0.000507161112190137
"267","2903_SC2e",142.802932487274,0.00867728144969872,29.6355141962044,"SC2e","MCAV","212",9,2903,29,"light","shallow",18.7738466679877,531,0.531,0.00460763644979002,"0",-0.000517207099305119
"268","2903_SC2eD",147.441006386402,-0.00498032434007121,29.809900850257,"SC2e","MCAV","212",9,2903,29,"dark","shallow",18.7738466679877,531,0.531,-0.00264455222457782,"0",-0.000507161112190137
"269","2903_SF2e",122.404721220543,0.0143153531087106,29.5536605363539,"SF2e","OFRA","312",5,2903,29,"light","shallow",21.2055954055862,572,0.572,0.00818838197818245,"0",-0.000517207099305119
"270","2903_SF2eD",126.009109177908,-0.0072979082634668,29.746277882584,"SF2e","OFRA","312",5,2903,29,"dark","shallow",21.2055954055862,572,0.572,-0.00417440352670301,"0",-0.000507161112190137
"271","2903_SL1e",138.56785143807,0.0174565339216946,29.6487027366961,"SL1e","DLAB","411",4,2903,29,"light","shallow",24.8930189760239,585,0.585,0.0102120723441914,"0",-0.000517207099305119
"272","2903_SL1eD",145.705182358831,-0.00954668751372557,29.8361585805516,"SL1e","DLAB","411",4,2903,29,"dark","shallow",24.8930189760239,585,0.585,-0.00558481219552946,"0",-0.000507161112190137
"273","3201_Blkg",151.983440501001,-0.000432267563208943,32.1814482127792,"3201_Blkg","BLANK","BLANK",7,3201,32,"light","blank",NA,616,0.616,-0.000266276818936709,"1",-0.000266276818936709
"274","3201_BlkgD",152.180231021271,0.000153470644215232,31.9319404639547,"3201_Blkg","BLANK","BLANK",7,3201,32,"dark","blank",NA,616,0.616,9.4537916836583e-05,"1",9.4537916836583e-05
"275","3201_MA2g",149.218854256791,0.00706717431167446,32.1786945917639,"MA2g","PAST","122",9,3201,32,"light","deep",14.6668790504624,578,0.578,0.00408482675214784,"0",-0.000266276818936709
"276","3201_MA2gD",151.234815539116,-0.0044298801685451,31.9066369153431,"MA2g","PAST","122",9,3201,32,"dark","deep",14.6668790504624,578,0.578,-0.00256047073741907,"0",9.4537916836583e-05
"277","3201_MC1g",135.673315628087,0.00656454685555358,32.0614575154915,"MC1g","MCAV","221",6,3201,32,"light","deep",22.2375006327726,588,0.588,0.00385995355106551,"0",-0.000266276818936709
"278","3201_MC1gD",138.540209679879,-0.00446976248626227,31.7971959314831,"MC1g","MCAV","221",6,3201,32,"dark","deep",22.2375006327726,588,0.588,-0.00262822034192221,"0",9.4537916836583e-05
"279","3201_MF3g",132.08682947298,0.0178344253963783,32.0599586777492,"MF3g","OFRA","323",10,3201,32,"light","deep",30.1259734567971,544,0.544,0.0097019274156298,"0",-0.000266276818936709
"280","3201_MF3gD",137.104896881938,-0.0114277141742183,31.665390754818,"MF3g","OFRA","323",10,3201,32,"dark","deep",30.1259734567971,544,0.544,-0.00621667651077476,"0",9.4537916836583e-05
"281","3201_ML2g",142.261734120841,0.0103592930251633,32.0499306933852,"ML2g","DLAB","422",3,3201,32,"light","deep",12.6653218450485,568,0.568,0.00588407843829276,"0",-0.000266276818936709
"282","3201_ML2gD",144.862349879149,-0.0046796018872369,31.7926637443328,"ML2g","DLAB","422",3,3201,32,"dark","deep",12.6653218450485,568,0.568,-0.00265801387195056,"0",9.4537916836583e-05
"283","3201_SA1g",140.780157649663,0.00843372006065035,32.0835648140168,"SA1g","PAST","111",4,3201,32,"light","shallow",21.6531445419179,563,0.563,0.00474818439414614,"0",-0.000266276818936709
"284","3201_SA1gD",145.305028693053,-0.00608413311681528,31.802299396269,"SA1g","PAST","111",4,3201,32,"dark","shallow",21.6531445419179,563,0.563,-0.003425366944767,"0",9.4537916836583e-05
"285","3201_SC3g",123.948836703722,0.00545983047299015,31.9513344679542,"SC3g","MCAV","213",5,3201,32,"light","shallow",19.7025678095484,578,0.578,0.0031557820133883,"0",-0.000266276818936709
"286","3201_SC3gD",126.13918109039,-0.0037684857665226,31.6182129159266,"SC3g","MCAV","213",5,3201,32,"dark","shallow",19.7025678095484,578,0.578,-0.00217818477305006,"0",9.4537916836583e-05
"287","3201_SF2g",159.099121568657,0.0205982996149338,32.0725810964995,"SF2g","OFRA","312",2,3201,32,"light","shallow",19.8493430594861,565,0.565,0.0116380392824376,"0",-0.000266276818936709
"288","3201_SF2gD",164.770549737539,-0.011708732964415,31.8415703680013,"SF2g","OFRA","312",2,3201,32,"dark","shallow",19.8493430594861,565,0.565,-0.00661543412489447,"0",9.4537916836583e-05
"289","3201_SL3g",145.207678372628,0.0100830037976383,32.0951464335712,"SL3g","DLAB","413",1,3201,32,"light","shallow",14.2861765425055,589,0.589,0.00593888923680896,"0",-0.000266276818936709
"290","3201_SL3gD",149.694185027489,-0.0066408116787777,31.8759061193739,"SL3g","DLAB","413",1,3201,32,"dark","shallow",14.2861765425055,589,0.589,-0.00391143807880007,"0",9.4537916836583e-05
"291","3202_Blkg",136.723667771194,-0.000505033866315165,32.2436925928119,"3202_Blkg","BLANK","BLANK",6,3202,32,"light","blank",NA,618,0.618,-0.000312110929382772,"1",-0.000312110929382772
"292","3202_BlkgD",137.689230016747,-0.000451270324027621,32.139246495165,"3202_Blkg","BLANK","BLANK",6,3202,32,"dark","blank",NA,618,0.618,-0.00027888506024907,"1",-0.00027888506024907
"293","3202_MA1g",136.284456207616,0.00949299947845208,32.2662990071619,"MA1g","PAST","121",8,3202,32,"light","deep",16.9061773139375,570,0.57,0.00541100970271768,"0",-0.000312110929382772
"294","3202_MA1gD",146.094921491588,-0.00624866622328101,32.1445803112984,"MA1g","PAST","121",8,3202,32,"dark","deep",16.9061773139375,570,0.57,-0.00356173974727018,"0",-0.00027888506024907
"295","3202_MC2g",139.467216840896,0.0062566959949868,32.3641194946669,"MC2g","MCAV","222",4,3202,32,"light","deep",18.8973574100642,586,0.586,0.00366642385306226,"0",-0.000312110929382772
"296","3202_MC2gD",147.592954814125,-0.00505166846073241,32.1180529388172,"MC2g","MCAV","222",4,3202,32,"dark","deep",18.8973574100642,586,0.586,-0.00296027771798919,"0",-0.00027888506024907
"297","3202_MF2g",121.111868059427,0.00957757187966901,32.4054127171058,"MF2g","OFRA","322",10,3202,32,"light","deep",24.090946450587,562,0.562,0.00538259539637399,"0",-0.000312110929382772
"298","3202_MF2gD",132.005308308776,-0.00698851446467634,32.3254009180135,"MF2g","OFRA","322",10,3202,32,"dark","deep",24.090946450587,562,0.562,-0.0039275451291481,"0",-0.00027888506024907
"299","3202_ML3g",131.355594611548,0.016512721786492,32.5173459614289,"ML3g","DLAB","423",7,3202,32,"light","deep",25.831805967064,566,0.566,0.00934620053115446,"0",-0.000312110929382772
"300","3202_ML3gD",149.733367467365,-0.0109953101090095,32.3877211717881,"ML3g","DLAB","423",7,3202,32,"dark","deep",25.831805967064,566,0.566,-0.00622334552169937,"0",-0.00027888506024907
"301","3202_SA2g",144.566907244298,0.0067134273642807,32.3836419328079,"SA2g","PAST","112",1,3202,32,"light","shallow",16.9320724636724,580,0.58,0.00389378787128281,"0",-0.000312110929382772
"302","3202_SA2gD",152.354771069754,-0.00474054091708394,32.4344474094324,"SA2g","PAST","112",1,3202,32,"dark","shallow",16.9320724636724,580,0.58,-0.00274951373190869,"0",-0.00027888506024907
"303","3202_SC1g",123.227296413795,0.00818606869336365,32.1794015855596,"SC1g","MCAV","211",5,3202,32,"light","shallow",18.5645778424955,590,0.59,0.00482978052908455,"0",-0.000312110929382772
"304","3202_SC1gD",128.930596162284,-0.00412500695108844,27.5918044252688,"SC1g","MCAV","211",5,3202,32,"dark","shallow",18.5645778424955,590,0.59,-0.00243375410114218,"0",-0.00027888506024907
"305","3202_SF3g",133.34581151023,0.0110346120170723,32.3880204000671,"SF3g","OFRA","313",9,3202,32,"light","shallow",17.25278133639,590,0.59,0.00651042109007263,"0",-0.000312110929382772
"306","3202_SF3gD",147.240261155086,-0.00803426231459756,32.239662670778,"SF3g","OFRA","313",9,3202,32,"dark","shallow",17.25278133639,590,0.59,-0.00474021476561256,"0",-0.00027888506024907
"307","3202_SL2g",154.745550189271,0.0116534521233466,32.3215668089237,"SL2g","DLAB","412",2,3202,32,"light","shallow",18.7477124723003,596,0.596,0.00694545746551458,"0",-0.000312110929382772
"308","3202_SL2gD",166.734383835243,-0.00720922422508902,32.3362293385548,"SL2g","DLAB","412",2,3202,32,"dark","shallow",18.7477124723003,596,0.596,-0.00429669763815306,"0",-0.00027888506024907
"309","3203_Blkg",144.062732164192,-0.000224506313251702,32.8858593415038,"3203_Blkg","BLANK","BLANK",1,3203,32,"light","blank",NA,618,0.618,-0.000138744901589552,"1",-0.000138744901589552
"310","3203_BlkgD",143.924863763881,0.000489139690435478,33.4134212776616,"3203_Blkg","BLANK","BLANK",1,3203,32,"dark","blank",NA,618,0.618,0.000302288328689125,"1",0.000302288328689125
"311","3203_MA3g",134.956400739936,0.00110857025203902,32.4821758695894,"MA3g","PAST","123",8,3203,32,"light","deep",22.9741584249824,562,0.562,0.00062301648164593,"0",-0.000138744901589552
"312","3203_MA3gD",141.231802742192,-0.00690180602328764,32.5690014930751,"MA3g","PAST","123",8,3203,32,"dark","deep",22.9741584249824,562,0.562,-0.00387881498508765,"0",0.000302288328689125
"313","3203_MC3g",117.391268455529,0.00787915101811362,32.7151856166715,"MC3g","MCAV","223",5,3203,32,"light","deep",28.9114004491721,554,0.554,0.00436504966403495,"0",-0.000138744901589552
"314","3203_MC3gD",121.671201253732,-0.00588305171643074,33.0453353512451,"MC3g","MCAV","223",5,3203,32,"dark","deep",28.9114004491721,554,0.554,-0.00325921065090263,"0",0.000302288328689125
"315","3203_MF1g",126.035840501555,0.00689851901761659,32.6624186708536,"MF1g","OFRA","321",3,3203,32,"light","deep",23.951124811319,565,0.565,0.00389766324495337,"0",-0.000138744901589552
"316","3203_MF1gD",136.495313475377,-0.0118343211433464,32.8919989411885,"MF1g","OFRA","321",3,3203,32,"dark","deep",23.951124811319,565,0.565,-0.00668639144599073,"0",0.000302288328689125
"317","3203_ML1g",122.081278065939,0.00801075669417839,32.6328989955488,"ML1g","DLAB","421",10,3203,32,"light","deep",20.8674034345803,592,0.592,0.00474236796295361,"0",-0.000138744901589552
"318","3203_ML1gD",127.128119775521,-0.00571994380959072,32.7947943682189,"ML1g","DLAB","421",10,3203,32,"dark","deep",20.8674034345803,592,0.592,-0.00338620673527771,"0",0.000302288328689125
"319","3203_SA3g",136.247930235158,-0.000625023458792199,32.6184944050676,"SA3g","PAST","113",9,3203,32,"light","shallow",24.0663849966717,576,0.576,-0.000360013512264307,"0",-0.000138744901589552
"320","3203_SA3gD",142.221988400294,-0.00634917311617935,32.7380152096893,"SA3g","PAST","113",9,3203,32,"dark","shallow",24.0663849966717,576,0.576,-0.00365712371491931,"0",0.000302288328689125
"321","3203_SC2g",139.521163815295,0.00154937125081588,32.8745966364232,"SC2g","MCAV","212",7,3203,32,"light","shallow",13.6999245890566,593,0.593,0.000918777151733818,"0",-0.000138744901589552
"322","3203_SC2gD",143.735499018067,-0.00407265895281917,33.1948632705788,"SC2g","MCAV","212",7,3203,32,"dark","shallow",13.6999245890566,593,0.593,-0.00241508675902177,"0",0.000302288328689125
"323","3203_SF1g",123.275663137173,6.3032231020137e-05,32.7306722517143,"SF1g","OFRA","311",6,3203,32,"light","shallow",20.009891611653,582,0.582,3.66847584537197e-05,"0",-0.000138744901589552
"324","3203_SF1gD",130.340862586737,-0.00779120318299876,33.0429224246376,"SF1g","OFRA","311",6,3203,32,"dark","shallow",20.009891611653,582,0.582,-0.00453448025250528,"0",0.000302288328689125
"325","3203_SL1g",129.764800583403,-0.00270259252414041,32.7933245153428,"SL1g","DLAB","411",4,3203,32,"light","shallow",18.6995390522826,574,0.574,-0.0015512881088566,"0",-0.000138744901589552
"326","3203_SL1gD",138.246262444834,-0.00803129474281502,33.1786888066055,"SL1g","DLAB","411",4,3203,32,"dark","shallow",18.6995390522826,574,0.574,-0.00460996318237582,"0",0.000302288328689125
"327","3401_Blkf",171.100963931327,-0.00235778902803533,34.3522106852942,"3401_Blkf","BLANK","BLANK",7,3401,34,"light","blank",NA,614,0.614,-0.00144768246321369,"1",-0.00144768246321369
"328","3401_BlkfD",173.630525973646,-0.00189417717685816,34.1732483706574,"3401_Blkf","BLANK","BLANK",7,3401,34,"dark","blank",NA,614,0.614,-0.00116302478659091,"1",-0.00116302478659091
"329","3401_MA3f",122.274127574059,-0.000660514513898124,34.2620941879633,"MA3f","PAST","123",1,3401,34,"light","deep",27.8261248876434,552,0.552,-0.000364604011671764,"0",-0.00144768246321369
"330","3401_MA3fD",131.797155311461,-0.00986916092649922,34.0859008117443,"MA3f","PAST","123",1,3401,34,"dark","deep",27.8261248876434,552,0.552,-0.00544777683142757,"0",-0.00116302478659091
"331","3401_MC1f",157.429098078475,-0.00108759594549399,34.2669756077795,"MC1f","MCAV","221",8,3401,34,"light","deep",24.2227649491612,594,0.594,-0.000646031991623429,"0",-0.00144768246321369
"332","3401_MC1fD",166.050365688406,-0.0097092062162544,34.1523267969935,"MC1f","MCAV","221",8,3401,34,"dark","deep",24.2227649491612,594,0.594,-0.00576726849245511,"0",-0.00116302478659091
"333","3401_MF3f",104.659580261369,-0.00717393277989111,34.2492998924769,"MF3f","OFRA","323",6,3401,34,"light","deep",26.3029789603844,566,0.566,-0.00406044595341837,"0",-0.00144768246321369
"334","3401_MF3fD",117.553913323396,-0.0132583377356269,34.0842087737743,"MF3f","OFRA","323",6,3401,34,"dark","deep",26.3029789603844,566,0.566,-0.00750421915836485,"0",-0.00116302478659091
"335","3401_ML2f",118.42415791497,0.00490033480012245,34.3441836394818,"ML2f","DLAB","322",3,3401,34,"light","deep",23.3938388503813,568,0.568,0.00278339016646955,"0",-0.00144768246321369
"336","3401_ML2fD",125.45399618333,-0.00825441712248598,34.2353869328892,"ML2f","DLAB","322",3,3401,34,"dark","deep",23.3938388503813,568,0.568,-0.00468850892557204,"0",-0.00116302478659091
"337","3401_SA3f",99.5366956937588,-0.00453057143318007,34.2115704901453,"SA3f","PAST","113",5,3401,34,"light","shallow",28.5942077079034,554,0.554,-0.00250993657398176,"0",-0.00144768246321369
"338","3401_SA3fD",108.176662599118,-0.00845347186467252,34.0374497131555,"SA3f","PAST","113",5,3401,34,"dark","shallow",28.5942077079034,554,0.554,-0.00468322341302857,"0",-0.00116302478659091
"339","3401_SC1f",134.107064389375,0.00364248660099836,34.3388361769585,"SC1f","MCAV","211",2,3401,34,"light","shallow",28.5717483759406,562,0.562,0.00204707746976108,"0",-0.00144768246321369
"340","3401_SC1fD",142.415764328704,-0.0104243509867981,34.25277808939,"SC1f","MCAV","211",2,3401,34,"dark","shallow",28.5717483759406,562,0.562,-0.00585848525458052,"0",-0.00116302478659091
"341","3401_SF1f",148.817266287071,-0.00877030581914259,34.3749552939661,"SF1f","OFRA","311",9,3401,34,"light","shallow",22.7819834864088,566,0.566,-0.00496399309363471,"0",-0.00144768246321369
"342","3401_SF1fD",161.549073181028,-0.0124750736765834,34.2164201206327,"SF1f","OFRA","311",9,3401,34,"dark","shallow",22.7819834864088,566,0.566,-0.00706089170094619,"0",-0.00116302478659091
"343","3401_SL3f",133.046842622424,-0.00191063378143699,34.4747135458454,"SL3f","DLAB","413",10,3401,34,"light","shallow",16.9415204025842,578,0.578,-0.00110434632567058,"0",-0.00144768246321369
"344","3401_SL3fD",141.001659023846,-0.00804760961342352,34.4655864133593,"SL3f","DLAB","413",10,3401,34,"dark","shallow",16.9415204025842,578,0.578,-0.00465151835655879,"0",-0.00116302478659091
"345","3402_Blkf",127.966689865775,-0.00163516458706836,34.3604285762875,"3402_Blkf","BLANK","BLANK",1,3402,34,"light","blank",NA,613,0.613,-0.0010023558918729,"1",-0.0010023558918729
"346","3402_BlkfD",129.637430945118,-0.00146806480468677,34.3993309933426,"3402_Blkf","BLANK","BLANK",1,3402,34,"dark","blank",NA,613,0.613,-0.000899923725272989,"1",-0.000899923725272989
"347","3402_MA2f",135.857044582047,-0.00189724343873284,34.3620716861635,"MA2f","PAST","122",10,3402,34,"light","deep",17.7598352241671,575,0.575,-0.00109091497727138,"0",-0.0010023558918729
"348","3402_MA2fD",142.004873888892,-0.00579913911595574,34.2340902839857,"MA2f","PAST","122",10,3402,34,"dark","deep",17.7598352241671,575,0.575,-0.00333450499167455,"0",-0.000899923725272989
"349","3402_MC3f",138.957550201374,0.00306034919797709,34.2216482283694,"MC3f","MCAV","223",2,3402,34,"light","deep",20.8321502090542,572,0.572,0.0017505197412429,"0",-0.0010023558918729
"350","3402_MC3fD",145.270888515186,-0.00855325996184382,34.1235153657179,"MC3f","MCAV","223",2,3402,34,"dark","deep",20.8321502090542,572,0.572,-0.00489246469817467,"0",-0.000899923725272989
"351","3402_MF1f",152.320907409376,-0.00537623691828375,34.361075479811,"MF1f","OFRA","321",7,3402,34,"light","deep",22.4202614327085,566,0.566,-0.0030429500957486,"0",-0.0010023558918729
"352","3402_MF1fD",163.260999889399,-0.0130943811841196,34.1843285737667,"MF1f","OFRA","321",7,3402,34,"dark","deep",22.4202614327085,566,0.566,-0.00741141975021171,"0",-0.000899923725272989
"353","3402_ML1f",120.919058744045,0.00473734500308062,34.2000257060409,"ML1f","DLAB","421",4,3402,34,"light","deep",17.1739847106787,590,0.59,0.00279503355181757,"0",-0.0010023558918729
"354","3402_ML1fD",127.136869176273,-0.00855748610641075,34.0524044002602,"ML1f","DLAB","421",4,3402,34,"dark","deep",17.1739847106787,590,0.59,-0.00504891680278234,"0",-0.000899923725272989
"355","3402_SA2f",117.774363177676,-0.00246908005618202,34.2560484912207,"SA2f","PAST","112",3,3402,34,"light","shallow",26.3256892847993,571,0.571,-0.00140984471207994,"0",-0.0010023558918729
"356","3402_SA2fD",125.10223613257,-0.00783192586564131,34.1266664686728,"SA2f","PAST","112",3,3402,34,"dark","shallow",26.3256892847993,571,0.571,-0.00447202966928119,"0",-0.000899923725272989
"357","3402_SC3f",105.214360029136,0.00174436870079271,34.1074356701279,"SC3f","MCAV","213",5,3402,34,"light","shallow",18.6988352578547,589,0.589,0.0010274331647669,"0",-0.0010023558918729
"358","3402_SC3fD",109.095722150178,-0.00493795402680261,33.9332207105192,"SC3f","MCAV","213",5,3402,34,"dark","shallow",18.6988352578547,589,0.589,-0.00290845492178674,"0",-0.000899923725272989
"359","3402_SF3f",108.104641733367,-0.0050676938841105,34.2007909365558,"SF3f","OFRA","313",6,3402,34,"light","shallow",25.122824253625,581,0.581,-0.0029443301466682,"0",-0.0010023558918729
"360","3402_SF3fD",116.782671359847,-0.0107327017895797,33.9982547151157,"SF3f","OFRA","313",6,3402,34,"dark","shallow",25.122824253625,581,0.581,-0.00623569973974579,"0",-0.000899923725272989
"361","3402_SL1f",145.147869801532,-0.00970866943433271,34.3272968599612,"SL1f","DLAB","411",9,3402,34,"light","shallow",24.9522145227068,578,0.578,-0.00561161093304431,"0",-0.0010023558918729
"362","3402_SL1fD",159.195076978535,-0.0148603647332603,34.1330310946285,"SL1f","DLAB","411",9,3402,34,"dark","shallow",24.9522145227068,578,0.578,-0.00858929081582446,"0",-0.000899923725272989
"363","3403_Blkf",105.929011850224,-0.00179607647657189,34.0898688827815,"3403_Blkf","BLANK","BLANK",5,3403,34,"light","blank",NA,612,0.612,-0.00109919880366199,"1",-0.00109919880366199
"364","3403_BlkfD",108.010926360683,-0.00192607252512742,33.9122654052536,"3403_Blkf","BLANK","BLANK",5,3403,34,"dark","blank",NA,612,0.612,-0.00117875638537798,"1",-0.00117875638537798
"365","3403_MA1f",152.366977607467,0.00301410067814041,34.4057611205067,"MA1f","PAST","121",7,3403,34,"light","deep",23.9016840192859,545,0.545,0.00164268486958652,"0",-0.00109919880366199
"366","3403_MA1fD",164.20119511642,-0.0122323723547949,34.2177820014313,"MA1f","PAST","121",7,3403,34,"dark","deep",23.9016840192859,545,0.545,-0.00666664293336322,"0",-0.00117875638537798
"367","3403_MC2f",155.715939181125,0.00385964375116779,34.3865255261302,"MC2f","MCAV","222",8,3403,34,"light","deep",21.4088650271471,582,0.582,0.00224631266317965,"0",-0.00109919880366199
"368","3403_MC2fD",164.292679656036,-0.0104409817883946,34.3456686482681,"MC2f","MCAV","222",8,3403,34,"dark","deep",21.4088650271471,582,0.582,-0.00607665140084563,"0",-0.00117875638537798
"369","3403_MF2f",149.277640404366,-0.00594808221865285,34.5319423796521,"MF2f","OFRA","322",9,3403,34,"light","deep",18.5822727063874,595,0.595,-0.00353910892009845,"0",-0.00109919880366199
"370","3403_MF2fD",159.358717561319,-0.0111370448518767,34.5239009343952,"MF2f","OFRA","322",9,3403,34,"dark","deep",18.5822727063874,595,0.595,-0.00662654168686665,"0",-0.00117875638537798
"371","3403_ML3f",122.479325465986,0.00218627403711087,34.0892056018455,"ML3f","DLAB","423",1,3403,34,"light","deep",26.6908967282617,531,0.531,0.00116091151370587,"0",-0.00109919880366199
"372","3403_ML3fD",133.804278882879,-0.0135169953286716,33.8254349905805,"ML3f","DLAB","423",1,3403,34,"dark","deep",26.6908967282617,531,0.531,-0.00717752451952464,"0",-0.00117875638537798
"373","3403_SA1f",135.207217701377,0.00326216915453556,34.0740907876766,"SA1f","PAST","111",2,3403,34,"light","shallow",20.3326037449743,573,0.573,0.00186922292554888,"0",-0.00109919880366199
"374","3403_SA1fD",143.645826804438,-0.00977239498144751,33.8664580454284,"SA1f","PAST","111",2,3403,34,"dark","shallow",20.3326037449743,573,0.573,-0.00559958232436942,"0",-0.00117875638537798
"375","3403_SC2f",116.535599053081,0.00463188295540508,34.2384216928567,"SC2f","MCAV","212",3,3403,34,"light","shallow",19.4991270430348,577,0.577,0.00267259646526873,"0",-0.00109919880366199
"376","3403_SC2fD",123.748436721775,-0.00745609360739922,34.1254614785733,"SC2f","MCAV","212",3,3403,34,"dark","shallow",19.4991270430348,577,0.577,-0.00430216601146935,"0",-0.00117875638537798
"377","3403_SF2f",127.14621241441,-0.00660494639721441,34.4052144209022,"SF2f","OFRA","312",10,3403,34,"light","shallow",18.4108401000814,553,0.553,-0.00365253535765957,"0",-0.00109919880366199
"378","3403_SF2fD",137.023358515104,-0.00988449996176039,34.3106905375172,"SF2f","OFRA","312",10,3403,34,"dark","shallow",18.4108401000814,553,0.553,-0.00546612847885349,"0",-0.00117875638537798
"379","3403_SL2f",120.922664261949,0.00485142368920418,34.1555936196716,"SL2f","DLAB","412",4,3403,34,"light","shallow",17.4949611725066,578,0.578,0.00280412289236002,"0",-0.00109919880366199
"380","3403_SL2fD",127.39593002996,-0.00785928305736047,33.9608438004435,"SL2f","DLAB","412",4,3403,34,"dark","shallow",17.4949611725066,578,0.578,-0.00454266560715435,"0",-0.00117875638537798
"381","3601_Blka",134.727140016545,-0.000688144063960793,35.9577407513473,"3601_Blka","BLANK","BLANK",3,3601,36,"light","blank",NA,612,0.612,-0.000421144167144005,"1",-0.000421144167144005
"382","3601_BlkaD",135.573313712881,-0.000685848205465445,35.7276051726274,"3601_Blka","BLANK","BLANK",3,3601,36,"dark","blank",NA,612,0.612,-0.000419739101744852,"1",-0.000419739101744852
"383","3601_MA3a",169.252231831241,-0.00749990686422542,36.0727428554868,"MA3a","PAST","123",8,3601,36,"light","deep",18.1859427833504,577,0.577,-0.00432744626065807,"0",-0.000421144167144005
"384","3601_MA3aD",177.277469795162,-0.00804400580696879,35.8878351857297,"MA3a","PAST","123",8,3601,36,"dark","deep",18.1859427833504,577,0.577,-0.00464139135062099,"0",-0.000419739101744852
"385","3601_MC2a",134.033729084055,-0.00430775493851582,36.1062560238872,"MC2a","MCAV","222",1,3601,36,"light","deep",14.3622646776486,578,0.578,-0.00248988235446214,"0",-0.000421144167144005
"386","3601_MC2aD",139.191820013043,-0.00522879968992931,35.9632733257423,"MC2a","MCAV","222",1,3601,36,"dark","deep",14.3622646776486,578,0.578,-0.00302224622077914,"0",-0.000419739101744852
"387","3601_MF1a",156.579829666663,-0.0148377975486179,36.132795456826,"MF1a","OFRA","321",9,3601,36,"light","deep",24.9006040653877,562,0.562,-0.00833884222232327,"0",-0.000421144167144005
"388","3601_MF1aD",172.464797580228,-0.0155857525503555,35.8726669319567,"MF1a","OFRA","321",9,3601,36,"dark","deep",24.9006040653877,562,0.562,-0.00875919293329978,"0",-0.000419739101744852
"389","3601_ML2a",175.178442691994,-0.00580517402368672,36.1426322984259,"ML2a","DLAB","422",7,3601,36,"light","deep",18.3818209107368,578,0.578,-0.00335539058569092,"0",-0.000421144167144005
"390","3601_ML2aD",182.459927076498,-0.00755363249545212,35.8792147646187,"ML2a","DLAB","422",7,3601,36,"dark","deep",18.3818209107368,578,0.578,-0.00436599958237133,"0",-0.000419739101744852
"391","3601_SA3a",126.74447538449,-0.00660342630259603,36.0135415849012,"SA3a","PAST","113",4,3601,36,"light","shallow",23.3864735837046,570,0.57,-0.00376395299247974,"0",-0.000421144167144005
"392","3601_SA3aD",134.151217971281,-0.00743727247342417,35.718175996506,"SA3a","PAST","113",4,3601,36,"dark","shallow",23.3864735837046,570,0.57,-0.00423924530985178,"0",-0.000419739101744852
"393","3601_SC3a",153.923738534588,-0.00396155858952153,36.161728241497,"SC3a","MCAV","213",10,3601,36,"light","shallow",18.6107291827592,576,0.576,-0.0022818577475644,"0",-0.000421144167144005
"394","3601_SC3aD",158.336605636767,-0.00433863043407683,35.9977584175182,"SC3a","MCAV","213",10,3601,36,"dark","shallow",18.6107291827592,576,0.576,-0.00249905113002825,"0",-0.000419739101744852
"395","3601_SF1a",140.37894084969,-0.00891054871687361,36.004894975066,"SF1a","OFRA","311",2,3601,36,"light","shallow",22.7229860495121,560,0.56,-0.00498990728144922,"0",-0.000421144167144005
"396","3601_SF1aD",151.24524227648,-0.0106646465530052,35.7978885107736,"SF1a","OFRA","311",2,3601,36,"dark","shallow",22.7229860495121,560,0.56,-0.00597220206968289,"0",-0.000419739101744852
"397","3601_SL1a",121.599490662,-0.0086553334249788,35.7747998135391,"SL1a","DLAB","411",6,3601,36,"light","shallow",27.1917378067438,562,0.562,-0.00486429738483809,"0",-0.000421144167144005
"398","3601_SL1aD",135.203064447911,-0.0133831459898708,35.3775270579871,"SL1a","DLAB","411",6,3601,36,"dark","shallow",27.1917378067438,562,0.562,-0.00752132804630742,"0",-0.000419739101744852
"399","3602_Blka",179.539911038808,-0.0012131971432605,36.3937004908203,"3602_Blka","BLANK","BLANK",7,3602,36,"light","blank",NA,610,0.61,-0.000740050257388904,"1",-0.000740050257388904
"400","3602_BlkaD",180.76923454171,-0.00095162947691062,36.3868634812933,"3602_Blka","BLANK","BLANK",7,3602,36,"dark","blank",NA,610,0.61,-0.000580493980915478,"1",-0.000580493980915478
"401","3602_MA1a",120.589058407298,-0.00694077661531584,36.1986305439694,"MA1a","PAST","121",4,3602,36,"light","deep",18.4833769144565,558,0.558,-0.00387295335134624,"0",-0.000740050257388904
"402","3602_MA1aD",130.194979368052,-0.00812392176196019,36.0467662108542,"MA1a","PAST","121",4,3602,36,"dark","deep",18.4833769144565,558,0.558,-0.00453314834317379,"0",-0.000580493980915478
"403","3602_MC3a",160.68798576985,-0.00772562048866661,36.3628509701246,"MC3a","MCAV","223",9,3602,36,"light","deep",22.7369155955528,551,0.551,-0.0042568168892553,"0",-0.000740050257388904
"404","3602_MC3aD",170.62776253013,-0.00934691870131617,36.3242272951671,"MC3a","MCAV","223",9,3602,36,"dark","deep",22.7369155955528,551,0.551,-0.00515015220442521,"0",-0.000580493980915478
"405","3602_MF3a",119.244012579244,-0.0100957131194409,36.1453587942851,"MF3a","OFRA","323",1,3602,36,"light","deep",27.9551000838245,550,0.55,-0.00555264221569252,"0",-0.000740050257388904
"406","3602_MF3aD",133.099661254927,-0.012077390379904,36.0094179831168,"MF3a","OFRA","323",1,3602,36,"dark","deep",27.9551000838245,550,0.55,-0.00664256470894723,"0",-0.000580493980915478
"407","3602_ML1a",112.140775264563,-0.00805409274994551,36.1377190774185,"ML1a","DLAB","421",6,3602,36,"light","deep",17.2649438363578,582,0.582,-0.00468748198046828,"0",-0.000740050257388904
"408","3602_ML1aD",123.508259811293,-0.00944194704562413,36.0446914333802,"ML1a","DLAB","421",6,3602,36,"dark","deep",17.2649438363578,582,0.582,-0.00549521318055324,"0",-0.000580493980915478
"409","3602_SA1a",157.667428798176,-0.0121426239689035,36.2595521053065,"SA1a","PAST","111",8,3602,36,"light","shallow",24.6096036976804,577,0.577,-0.0070062940300573,"0",-0.000740050257388904
"410","3602_SA1aD",171.626461769926,-0.0111779570856425,36.2482906052087,"SA1a","PAST","111",8,3602,36,"dark","shallow",24.6096036976804,577,0.577,-0.00644968123841572,"0",-0.000580493980915478
"411","3602_SC1a",104.421365339496,-0.00445032252303788,36.0963369701088,"SC1a","MCAV","211",5,3602,36,"light","shallow",23.9074110296316,560,0.56,-0.00249218061290121,"0",-0.000740050257388904
"412","3602_SC1aD",111.352570730272,-0.00647290442618191,35.9772615934139,"SC1a","MCAV","211",5,3602,36,"dark","shallow",23.9074110296316,560,0.56,-0.00362482647866187,"0",-0.000580493980915478
"413","3602_SF3a",143.306678625761,-0.00581541915436478,36.3793703153854,"SF3a","OFRA","313",10,3602,36,"light","shallow",21.8661307280884,578,0.578,-0.00336131227122284,"0",-0.000740050257388904
"414","3602_SF3aD",151.049941757908,-0.00685832867388551,36.4254386916866,"SF3a","OFRA","313",10,3602,36,"dark","shallow",21.8661307280884,578,0.578,-0.00396411397350582,"0",-0.000580493980915478
"415","3602_SL3a",134.361803523702,-0.00779574616122538,36.1597308968047,"SL3a","DLAB","413",2,3602,36,"light","shallow",13.127391716556,580,0.58,-0.00452153277351072,"0",-0.000740050257388904
"416","3602_SL3aD",145.748536468649,-0.0103088456359019,36.1030043127559,"SL3a","DLAB","413",2,3602,36,"dark","shallow",13.127391716556,580,0.58,-0.00597913046882308,"0",-0.000580493980915478
"417","3603_Blka",147.981614632252,-0.00106120373642123,36.7079377819896,"3603_Blka","BLANK","BLANK",10,3603,36,"light","blank",NA,618,0.618,-0.000655823909108322,"1",-0.000655823909108322
"418","3603_BlkaD",150.008416040725,-0.000593796399837639,37.0375759673829,"3603_Blka","BLANK","BLANK",10,3603,36,"dark","blank",NA,618,0.618,-0.000366966175099661,"1",-0.000366966175099661
"419","3603_MA2a",117.780343087448,-0.00322351979420653,36.851648521257,"MA2a","PAST","122",3,3603,36,"light","deep",14.6209802715884,574,0.574,-0.00185030036187455,"0",-0.000655823909108322
"420","3603_MA2aD",121.042167167684,-0.00269117079112818,37.258580750215,"MA2a","PAST","122",3,3603,36,"dark","deep",14.6209802715884,574,0.574,-0.00154473203410758,"0",-0.000366966175099661
"421","3603_MC1a",98.1033220975074,-0.0046333803596949,36.6503384727827,"MC1a","MCAV","221",5,3603,36,"light","deep",23.9090561159401,586,0.586,-0.00271516089078121,"0",-0.000655823909108322
"422","3603_MC1aD",103.058698810247,-0.00467782588093483,36.9318260666053,"MC1a","MCAV","221",5,3603,36,"dark","deep",23.9090561159401,586,0.586,-0.00274120596622781,"0",-0.000366966175099661
"423","3603_MF2a",108.14881379278,-0.00714939738342123,36.7872874560587,"MF2a","OFRA","322",1,3603,36,"light","deep",23.1291666364276,574,0.574,-0.00410375409808379,"0",-0.000655823909108322
"424","3603_MF2aD",116.824233674445,-0.00847034397683532,37.161947722794,"MF2a","OFRA","322",1,3603,36,"dark","deep",23.1291666364276,574,0.574,-0.00486197744270347,"0",-0.000366966175099661
"425","3603_ML3a",118.593263232953,-0.00848638983672999,36.8048689652357,"ML3a","DLAB","423",2,3603,36,"light","deep",27.1076959406446,548,0.548,-0.00465054163052804,"0",-0.000655823909108322
"426","3603_ML3aD",129.096351919274,-0.0103835639652219,37.170035867124,"ML3a","DLAB","423",2,3603,36,"dark","deep",27.1076959406446,548,0.548,-0.00569019305294161,"0",-0.000366966175099661
"427","3603_SA2a",153.023715803144,-0.00846387536833421,36.7833263168771,"SA2a","PAST","112",9,3603,36,"light","shallow",19.5609175462034,579,0.579,-0.00490058383826551,"0",-0.000655823909108322
"428","3603_SA2aD",163.075397264536,-0.00932411785408004,37.0990233458892,"SA2a","PAST","112",9,3603,36,"dark","shallow",19.5609175462034,579,0.579,-0.00539866423751234,"0",-0.000366966175099661
"429","3603_SC2a",160.710616905166,-0.00676075690069303,36.7121175786331,"SC2a","MCAV","212",8,3603,36,"light","shallow",18.1099941334531,580,0.58,-0.00392123900240196,"0",-0.000655823909108322
"430","3603_SC2aD",167.97822802594,-0.00674070485806714,37.0956536642778,"SC2a","MCAV","212",8,3603,36,"dark","shallow",18.1099941334531,580,0.58,-0.00390960881767894,"0",-0.000366966175099661
"431","3603_SF2a",103.728376829237,-0.00669624706914446,36.6593496663052,"SF2a","OFRA","312",6,3603,36,"light","shallow",22.1086175718131,575,0.575,-0.00385034206475806,"0",-0.000655823909108322
"432","3603_SF2aD",112.285590595803,-0.00847279605572837,36.9440414702647,"SF2a","OFRA","312",6,3603,36,"dark","shallow",22.1086175718131,575,0.575,-0.00487185773204381,"0",-0.000366966175099661
"433","3603_SL2a",115.813574714775,-0.00432707707412264,36.7123979676297,"SL2a","DLAB","412",4,3603,36,"light","shallow",14.7409932956458,586,0.586,-0.00253566716543586,"0",-0.000655823909108322
"434","3603_SL2aD",121.038564448455,-0.005133863579338,37.0357526444146,"SL2a","DLAB","412",4,3603,36,"dark","shallow",14.7409932956458,586,0.586,-0.00300844405749207,"0",-0.000366966175099661
