"","fragment.ID.full","Intercept","umol.L.sec","Temp.C"
"1","1901_Blkh",195.874911632305,-0.000119235863686774,19.2602198123664
"2","1901_BlkhD",195.859117289218,0.000170626983978533,19.2518354363905
"3","1901_MA1h",240.286430767628,0.011000795175058,19.3790268814483
"4","1901_MA1hD",242.697496421479,-0.00415544890592532,19.4234861010071
"5","1901_MC1h",216.297337585238,0.00657571592903028,19.3335654629208
"6","1901_MC1hD",218.433997369372,-0.00227299777867445,19.2924735007879
"7","1901_MF2h",212.894701676491,0.00958281303341672,19.4056001949407
"8","1901_MF2hD",215.873153541224,-0.00459622079721694,19.4379638868021
"9","1901_ML2h",200.184863557871,0.0146892958337912,19.3328224044049
"10","1901_ML2hD",203.927347969135,-0.00573753877316105,19.3338108969844
"11","1901_SA2h",185.106340149294,0.00651259422173386,19.3274430746197
"12","1901_SA2hD",186.438786840577,-0.00225512743059156,19.3508468096883
"13","1901_SC1h",217.63802414717,0.00745945150690298,19.3942529945339
"14","1901_SC1hD",219.197115193779,-0.00235487593773118,19.4156156904848
"15","1901_SF3h",219.449900832757,0.00794844906541277,19.498398248836
"16","1901_SF3hD",221.651284708753,-0.00324160730747073,19.4930411340203
"17","1901_SL3h",212.99547700735,0.00789425781940084,19.2199366021682
"18","1901_SL3hD",215.430100039187,-0.00303568587974497,19.2157987704724
"19","1902_Blkh",222.830950852264,-7.35013893228376e-05,19.528343493931
"20","1902_BlkhD",223.131188916001,0.000383313535319552,19.5348278024061
"21","1902_MA3h",240.894460543522,0.01355953673345,19.4857587523693
"22","1902_MA3hD",241.832842757839,-0.00369142252897928,19.4932748243545
"23","1902_MC3h",201.354949942878,0.0110071683287673,19.4320231324246
"24","1902_MC3hD",203.394974574265,-0.0030512037052751,19.4044515437927
"25","1902_MF1h",189.852954722408,0.0114642808859413,19.3986555434852
"26","1902_MF1hD",192.571844974509,-0.00504992079938113,19.3479776353296
"27","1902_ML3h",221.76628919139,0.0159267087010067,19.5360471535636
"28","1902_ML3hD",225.232958001848,-0.00638355723288147,19.5459094747748
"29","1902_SA1h",212.815763517096,0.0133310947186958,19.4777328020928
"30","1902_SA1hD",216.436989514705,-0.00535888345906015,19.3971447183268
"31","1902_SC3h",214.842017359525,0.00441644475416348,19.3466441046179
"32","1902_SC3hD",216.536860247499,-0.0019193456861823,19.3081070688707
"33","1902_SF2h",213.303993989271,0.0116709884548739,19.515647470441
"34","1902_SF2hD",215.850577926821,-0.00526936156293631,19.5194397110269
"35","1902_SL2h",182.516985725092,0.00769075753930582,19.4220689184817
"36","1902_SL2hD",184.752046542647,-0.00353703562711264,19.4323468735839
"37","1903_Blkh",214.533979777186,-0.000118743267894306,19.4458468144038
"38","1903_BlkhD",214.994459350249,-0.000152629113335655,19.4835562544342
"39","1903_MA2h",214.867488542194,0.00880287974657282,19.5289628509307
"40","1903_MA2hD",216.024267104305,-0.00300734086032406,19.5228704243831
"41","1903_MC2h",220.649738825531,0.00818034531719918,19.4202515547789
"42","1903_MC2hD",222.862322271376,-0.00324248859905553,19.342578553895
"43","1903_MF3h",212.285275097772,0.0144301812040352,19.4934779887046
"44","1903_MF3hD",215.561122372914,-0.00521122285707682,19.4442297101027
"45","1903_ML1h",190.530142467627,0.0124560665728958,19.4560912873888
"46","1903_ML1hD",193.003976173209,-0.0042452252068299,19.4547257203807
"47","1903_SA3h",218.133596595083,0.00607523846261993,19.6539476353745
"48","1903_SA3hD",220.183154859456,-0.00260700062308512,19.616781211406
"49","1903_SC2h",183.491430666222,0.00460515525602685,19.4244798875033
"50","1903_SC2hD",184.415040687515,-0.00139835920757782,19.4258556763912
"51","1903_SF1h",199.898226503768,0.00613924950356116,19.2941357479949
"52","1903_SF1hD",202.14291751601,-0.0033970468296843,19.1909129936231
"53","1903_SL1h",237.074347429848,0.0103659415910184,19.4492539745866
"54","1903_SL1hD",240.440813977562,-0.00535204203635442,19.4415596934654
"55","2101_Blk",193.384424650414,0.000252557248193783,21.3240908021251
"56","2101_BlkD",193.386144246355,0.000307902653590934,21.2795030951943
"57","2101_MA1d",201.879618934836,0.014771626925262,21.4505799910838
"58","2101_MA1dD",203.304999322388,-0.00396140610891836,21.4120633720855
"59","2101_MC1d",182.328674192788,0.00839878785143163,21.3553075519201
"60","2101_MC1dD",186.401630615105,-0.00736726176322823,21.3139702282651
"61","2101_MF2d",213.634476509403,0.013213634078633,21.3612447180108
"62","2101_MF2dD",215.669520673377,-0.00559307160951465,21.2669760022669
"63","2101_ML3d",240.215471617131,0.0123801323188498,21.405628037292
"64","2101_ML3dD",243.335149782457,-0.00525153541372492,21.303006716977
"65","2101_SA1d",240.803784970436,0.0175163581277778,21.2730388325823
"66","2101_SA1dD",242.457929131171,-0.0051520123947646,21.1838383664976
"67","2101_SC2d",192.345118467301,0.00942153452360226,21.3329809638457
"68","2101_SC2dD",193.758354143798,-0.00233415637623093,21.2271554970092
"69","2101_SF3d",216.403654776933,0.0102982093374856,21.4084461266929
"70","2101_SF3dD",218.732270713861,-0.00294330149378845,21.3703661741061
"71","2101_SL3d",244.160704674297,0.0134625605140061,21.5156739556224
"72","2101_SL3dD",246.870584617804,-0.00447848802569519,21.4577256381973
"73","2102_Blk",245.070456855967,0.000429548251435173,21.42894881476
"74","2102_BlkD",244.928717015343,0.000833900255869329,21.5908351207853
"75","2102_MA3d",225.60235666551,0.0120680020618539,21.3820541906184
"76","2102_MA3dD",224.863220763159,-0.00386069241960068,21.3273285395588
"77","2102_MC3d",216.490270973767,0.0130846660552084,21.5273829706828
"78","2102_MC3dD",216.105850561568,-0.00320640156884722,21.5985034187613
"79","2102_MF3d",245.555363858244,0.0184613219874044,21.7434550021953
"80","2102_MF3dD",245.834329394391,-0.00775643227911933,21.8784433812329
"81","2102_ML2d",168.869150433333,0.0119368917562775,21.3362658300577
"82","2102_ML2dD",168.634930306175,-0.00367321014189148,21.2683602214867
"83","2102_SA2d",198.547106289718,0.00810111990329789,21.3435158855754
"84","2102_SA2dD",197.664260387165,-0.00239539999279555,21.2411951630553
"85","2102_SC1d",243.880611025888,0.0167929059707175,21.4549068735617
"86","2102_SC1dD",242.035304210815,-0.0037273928750276,21.3653184264296
"87","2102_SF1d",199.882285066632,0.0134416757025633,21.3820495161781
"88","2102_SF1dD",199.298786819959,-0.00481097550838476,21.309319529631
"89","2102_SL1d",184.611354419946,0.0113370386973716,21.3263931222148
"90","2102_SL1dD",185.658024718322,-0.00494802906099702,21.269655599664
"91","2103_Blk",166.544259070721,-7.41940152512991e-05,21.4564144115716
"92","2103_BlkD",166.679559076997,0.000122195425912851,21.5979320345528
"93","2103_MA2d",182.153903663395,0.00379054836035883,21.4905335237819
"94","2103_MA2dD",184.197755700495,-0.00235080077729546,21.6107008202404
"95","2103_MC2d",238.385646180087,0.0140479082585693,21.6249630900308
"96","2103_MC2dD",241.101483387038,-0.00467303670336491,21.7713798228289
"97","2103_MF1d",200.563020061844,0.012472320312878,21.4009091774411
"98","2103_MF1dD",202.804709965098,-0.00500463539187493,21.3226822789191
"99","2103_ML1d",242.113655428826,0.0320609719269665,21.6884745696509
"100","2103_ML1dD",245.986051847228,-0.00859605130636999,21.8270676026246
"101","2103_SA3d",210.01069433966,0.0115349574609352,21.5700290003606
"102","2103_SA3dD",213.473417276411,-0.004980112985666,21.7283012465118
"103","2103_SC3d",194.328320415527,0.00570425027088315,21.4209848770341
"104","2103_SC3dD",195.215978142796,-0.00159749528993154,21.4143277050134
"105","2103_SF2d",217.391642613433,0.0110087061553969,21.3542875313599
"106","2103_SF2dD",219.926578250654,-0.00479080536031028,21.2775854837785
"107","2103_SL2d",193.96498390854,0.00877707233136179,21.4574135431524
"108","2103_SL2dD",195.209310081387,-0.00263429922881617,21.5040490924033
"109","2301_Blkc",170.352230014768,-0.000458359689921619,23.1823888956584
"110","2301_BlkcD",171.084492650754,-0.000249377937128742,23.0673521409002
"111","2301_MA1c",167.734097042773,0.0107487119054568,23.4221176909286
"112","2301_MA1cD",172.433752567118,-0.00485945448203343,23.3520529872967
"113","2301_MC1c",140.745150033689,0.0102111899168914,23.2302043540824
"114","2301_MC1cD",144.737901678466,-0.00383111520034824,23.1586341289387
"115","2301_MF1c",161.239950273627,0.0112450378058419,23.3546594781196
"116","2301_MF1cD",168.033565728142,-0.00582276968135655,23.2743290840301
"117","2301_ML3c",181.115080472023,0.0122955051517337,23.2248246550599
"118","2301_ML3cD",188.132494643907,-0.00535752864294655,23.1184841508813
"119","2301_SA1c",153.852669437386,0.0116987289516818,23.232900899343
"120","2301_SA1cD",163.210965600317,-0.00700859268631255,23.1657439296028
"121","2301_SC2c",147.703297032533,0.00850505159537839,23.3352135015374
"122","2301_SC2cD",152.58053647153,-0.00429042534182647,23.3460036055975
"123","2301_SF3c",162.633598243459,0.0111850101726489,23.2347704921304
"124","2301_SF3cD",168.625611416094,-0.00557930534964637,23.2006831743563
"125","2301_SL2c",155.613229510233,0.0148488978869547,23.3087599119499
"126","2301_SL2cD",164.546517622482,-0.00711919889796067,23.2238825718342
"127","2302_Blkc",173.745082750757,-0.000825448672515997,23.262330422385
"128","2302_BlkcD",174.714235822927,-0.000758583192257406,23.1187052445098
"129","2302_MA2c",168.85593641034,0.00411413949702136,23.1877613530851
"130","2302_MA2cD",171.516637267795,-0.00397068179044958,23.0448567446794
"131","2302_MC3c",194.353128662318,0.0151895051828494,23.3904743960975
"132","2302_MC3cD",198.526522950201,-0.00628744128058371,23.3211428803591
"133","2302_MF3c",147.782319713657,0.0107183389678825,23.3112491677526
"134","2302_MF3cD",151.140249331519,-0.00610577597383888,23.1599351507636
"135","2302_ML1c",148.770698436301,0.0138879206786955,23.2903619262472
"136","2302_ML1cD",151.093699415474,-0.00440926612504335,23.1751674968544
"137","2302_SA2c",172.762598167623,0.0124960895394162,23.4650245803447
"138","2302_SA2cD",176.707643975753,-0.00624863634131824,23.409733619141
"139","2302_SC3c",173.376395454184,0.00847745373485945,23.6118631198892
"140","2302_SC3cD",175.696504725627,-0.00413275843336337,23.4641731017837
"141","2302_SF1c",169.059745633677,0.0108226270989457,23.4152936598255
"142","2302_SF1cD",171.793710383618,-0.00536346917666051,23.3508109931457
"143","2302_SL1c",157.002653498372,0.0123250866669606,23.2959354399753
"144","2302_SL1cD",161.221601463135,-0.00691662062161317,23.1721624517834
"145","2303_Blkc",168.209260167869,-0.00080114256295108,23.4777852901634
"146","2303_BlkcD",169.005108521136,-0.000688294701078288,23.5564002476811
"147","2303_MA3c",150.647592588495,0.0137537838751989,23.4866330624104
"148","2303_MA3cD",154.10283593167,-0.00719836667814049,23.498185808611
"149","2303_MC2c",168.077607000577,0.00675773985448334,23.4496590309425
"150","2303_MC2cD",171.080979112765,-0.00419141410189591,23.4389105678347
"151","2303_MF2c",175.948412167935,0.0105724929946966,23.4601477176019
"152","2303_MF2cD",179.18456688757,-0.00588003862111248,23.4450985163195
"153","2303_ML2c",169.900532844063,0.0150467667051223,23.4473848048256
"154","2303_ML2cD",173.156197684456,-0.00552837229999523,23.5105383677164
"155","2303_SA3c",171.380363336014,0.0110940897153592,23.6250635767642
"156","2303_SA3cD",174.870105275422,-0.00512419418810517,23.7163081062109
"157","2303_SC1c",146.212948995798,0.011205143457709,23.4828376129538
"158","2303_SC1cD",147.733790921626,-0.00364406937933108,23.5214082860423
"159","2303_SF2c",158.901823175422,0.0116779073501285,23.4375396078208
"160","2303_SF2cD",163.356959659144,-0.00584553269084563,23.4786915758146
"161","2303_SL3c",171.355378573284,0.0109358816940171,23.6194086591151
"162","2303_SL3cD",174.879002528707,-0.00638293429832167,23.6277329507722
"163","2601_Blkb",176.323385936126,-0.000200697588619636,26.3592185422102
"164","2601_BlkbD",176.340570641292,3.30000216859278e-05,25.9725212093573
"165","2601_MA2b",182.870681654348,0.0101939527623596,26.5817247348636
"166","2601_MA2bD",186.168130169773,-0.00439911879489471,26.3807100331732
"167","2601_MC1b",168.257363881452,0.0133637586388675,26.5264048438174
"168","2601_MC1bD",171.976924669895,-0.00419073051343191,26.2628879359591
"169","2601_MF3b",204.851582543595,0.029747643326474,26.4808541954119
"170","2601_MF3bD",210.420522082102,-0.0119278597326714,26.190522255112
"171","2601_ML3b",213.620070037196,0.021722627611315,26.6399770884955
"172","2601_ML3bD",220.595929355553,-0.0100239879283421,26.2761576228682
"173","2601_SA1b",186.43409187897,0.0139672385341846,26.5146988205482
"174","2601_SA1bD",191.039691986239,-0.00627870214859133,26.2536247674634
"175","2601_SC1b",163.450460913664,0.0126862891750355,26.4120915509171
"176","2601_SC1bD",164.911288210421,-0.00334164146414973,26.0823352777815
"177","2601_SF1b",170.773156840172,0.0110313518092728,26.6012582129142
"178","2601_SF1bD",175.534289817879,-0.00586703038930456,26.4218253962686
"179","2601_SL3b",210.102869507363,0.012699458209977,26.5721773741975
"180","2601_SL3bD",214.163207740281,-0.00577084173678904,26.3445975791966
"181","2602_Blkb",187.137259947432,-0.000512184398455894,26.5976686466815
"182","2602_BlkbD",204.048565415713,-0.0664835290489374,26.4705530415345
"183","2602_MA3b",176.191948328448,0.0194790666959841,26.8126862189573
"184","2602_MA3bD",182.878628964657,-0.00865589265709485,26.6892976934139
"185","2602_MC2b",159.491923563339,0.00951473839889238,26.6435392016615
"186","2602_MC2bD",163.003691301551,-0.00423689993241321,26.5109377185868
"187","2602_MF1b",146.163418317691,0.0106317720445958,26.6701242721898
"188","2602_MF1bD",149.402497301127,-0.0044696162612421,26.5551176087835
"189","2602_ML1b",199.206178503847,0.0214260133614328,26.6386294344561
"190","2602_ML1bD",205.361190748712,-0.00904535828922299,26.4483135812303
"191","2602_SA3b",208.360866219609,0.0114531902722558,26.4437332192968
"192","2602_SA3bD",214.746792769808,-0.00621782652303992,26.1757160166535
"193","2602_SC2b",177.506296458493,0.00829930392683311,26.7908135416291
"194","2602_SC2bD",179.914026499445,-0.00325933274296319,26.7214257282068
"195","2602_SF3b",219.162213243995,0.0107592278293365,26.8158296560161
"196","2602_SF3bD",222.066679374546,-0.00482776029661972,26.6575338631462
"197","2602_SL1b",167.616233848286,0.0116927543913395,26.6571226748022
"198","2602_SL1bD",173.1470882037,-0.0069271192150033,26.4487512509701
"199","2603_Blkb",191.002377649194,-0.000728254403388628,26.6142795985417
"200","2603_BlkbD",192.087055746883,-0.000945280398082678,26.445235965997
"201","2603_MA1b",171.571516326229,0.0156434424002728,26.5191899904285
"202","2603_MA1bD",173.897644107992,-0.0068353191987541,26.3095620080193
"203","2603_MC3b",183.393206951909,0.0204474685930903,26.7523587093244
"204","2603_MC3bD",185.743321173685,-0.00768180472452112,26.5798617379835
"205","2603_MF2b",167.041639227524,0.0167115046366181,26.7339046140692
"206","2603_MF2bD",170.621897346846,-0.00838511727584897,26.5652290477804
"207","2603_ML2b",149.071698827799,0.0136537332750703,26.5416001460746
"208","2603_ML2bD",151.368449867327,-0.00599558152075691,26.288262247757
"209","2603_SA2b",174.3253813729,0.00979324268411085,26.738861930811
"210","2603_SA2bD",178.097693077216,-0.00542596495686414,26.5043775909026
"211","2603_SC3b",173.258151392283,0.00802523372767969,26.6656226677852
"212","2603_SC3bD",175.234202747836,-0.00377076719766555,26.4957396919498
"213","2603_SF2b",170.398771537017,0.0150704426775925,26.6430122418658
"214","2603_SF2bD",174.119178838817,-0.0078942963013031,26.4030988793364
"215","2603_SL2b",161.225778619485,0.0143899715559805,26.4915204490855
"216","2603_SL2bD",164.326229932608,-0.00591756521913002,26.23248560793
"217","2901_Blke",155.083480504932,-0.000931199077095839,29.3221628931571
"218","2901_BlkeD",156.345650521111,-0.00103228614217909,29.2876774410983
"219","2901_MA2e",150.19583347345,0.00685201027695123,29.2155313946038
"220","2901_MA2eD",153.229626447304,-0.00555614916738696,29.1380869465932
"221","2901_MC2e",148.874934270333,0.00808091198371874,29.2314027553106
"222","2901_MC2eD",151.374504881277,-0.00432040130414541,29.1233100796191
"223","2901_MF1e",146.995268654148,0.0240771618988454,29.229866877919
"224","2901_MF1eD",150.075848158461,-0.0101707560238306,29.0884778035474
"225","2901_ML1e",133.605420145517,0.0171690956932229,29.2516397022586
"226","2901_ML1eD",136.47386795256,-0.00722424335510165,29.1269532929065
"227","2901_SA3e",152.038630131654,0.0106904547804594,29.4272110556886
"228","2901_SA3eD",155.36631839496,-0.00590067662652551,29.3343961036475
"229","2901_SC1e",191.014982128735,0.00810500231928273,21.5353174281702
"230","2901_SC1eD",184.444045142286,-0.00437494610555526,22.1995647803036
"231","2901_SF1e",165.040874640385,0.00989361876953322,29.1716858758584
"232","2901_SF1eD",168.706676465223,-0.00765109812958756,29.0552525102702
"233","2901_SL3e",137.139656696911,0.0154361425848363,29.1873491522514
"234","2901_SL3eD",141.232552084909,-0.00756663651587575,29.0526820583452
"235","2902_Blke",151.058190236059,-0.000911285453497129,29.2723704287308
"236","2902_BlkeD",151.854314887958,-0.000678382061710074,29.2669170641223
"237","2902_MA3e",145.594080896665,0.0153935966517452,29.1873280203616
"238","2902_MA3eD",150.799425244557,-0.00786078982758766,29.0968692520069
"239","2902_MC3e",130.096726715978,0.0158752589376071,29.3007876926307
"240","2902_MC3eD",134.447818110663,-0.00644094499700176,29.2721528527765
"241","2902_MF3e",154.709081740706,0.0159168635288539,29.3446685108527
"242","2902_MF3eD",169.368506097737,-0.0135420008234329,29.3104284924668
"243","2902_ML2e",151.176532777829,0.0123238771102868,29.3176552624809
"244","2902_ML2eD",153.997742401546,-0.00523597199641933,29.3139537211354
"245","2902_SA2e",140.054694645209,0.00756432145413069,29.2802845831528
"246","2902_SA2eD",143.343897966866,-0.00419686235418054,29.255704405895
"247","2902_SC1e",134.67465425271,0.00964392618303424,29.3418113168741
"248","2902_SC1eD",136.807780474445,-0.00442019668359648,29.2962873745209
"249","2902_SC3e",167.065263121158,0.00993449471840544,29.2219817772156
"250","2902_SC3eD",173.033571545329,-0.00702587852830921,29.1580004671169
"251","2902_SF3e",147.835345252183,0.0206808745141674,29.4351078505501
"252","2902_SF3eD",153.970775669022,-0.0107226089488145,29.3491209971158
"253","2902_SL2e",145.925599674338,0.013284060556853,29.2657317502011
"254","2902_SL2eD",150.614288117031,-0.00680931774347832,29.1491081007134
"255","2903_Blke",145.49507074354,-0.000930228595872517,29.617412324206
"256","2903_BlkeD",146.527025245508,-0.000912160273723268,29.8556895978978
"257","2903_MA1e",134.191257414076,0.0133409161040316,29.560738673388
"258","2903_MA1eD",137.699865305276,-0.00614892294949687,29.7192629127327
"259","2903_MC1e",130.046110096538,0.00834779766490685,29.5404293000127
"260","2903_MC1eD",132.520213409496,-0.00376846498439026,29.6666095008601
"261","2903_MF2e",162.469568867075,0.0104059010901686,29.5854081917473
"262","2903_MF2eD",166.311247552403,-0.0070145122415717,29.8061824361561
"263","2903_ML3e",134.335697268356,0.0257268404757942,29.5283830741295
"264","2903_ML3eD",141.70293863364,-0.0126539502414723,29.6378759628222
"265","2903_SA1e",149.72086692448,0.0082725965865748,29.6234830765452
"266","2903_SA1eD",160.808906936137,-0.010728556987274,29.8152073597478
"267","2903_SC2e",142.802932487274,0.00867728144969872,29.6355141962044
"268","2903_SC2eD",147.441006386402,-0.00498032434007121,29.809900850257
"269","2903_SF2e",122.404721220543,0.0143153531087106,29.5536605363539
"270","2903_SF2eD",126.009109177908,-0.0072979082634668,29.746277882584
"271","2903_SL1e",138.56785143807,0.0174565339216946,29.6487027366961
"272","2903_SL1eD",145.705182358831,-0.00954668751372557,29.8361585805516
"273","3201_Blkg",151.983440501001,-0.000432267563208943,32.1814482127792
"274","3201_BlkgD",152.180231021271,0.000153470644215232,31.9319404639547
"275","3201_MA2g",149.218854256791,0.00706717431167446,32.1786945917639
"276","3201_MA2gD",151.234815539116,-0.0044298801685451,31.9066369153431
"277","3201_MC1g",135.673315628087,0.00656454685555358,32.0614575154915
"278","3201_MC1gD",138.540209679879,-0.00446976248626227,31.7971959314831
"279","3201_MF3g",132.08682947298,0.0178344253963783,32.0599586777492
"280","3201_MF3gD",137.104896881938,-0.0114277141742183,31.665390754818
"281","3201_ML2g",142.261734120841,0.0103592930251633,32.0499306933852
"282","3201_ML2gD",144.862349879149,-0.0046796018872369,31.7926637443328
"283","3201_SA1g",140.780157649663,0.00843372006065035,32.0835648140168
"284","3201_SA1gD",145.305028693053,-0.00608413311681528,31.802299396269
"285","3201_SC3g",123.948836703722,0.00545983047299015,31.9513344679542
"286","3201_SC3gD",126.13918109039,-0.0037684857665226,31.6182129159266
"287","3201_SF2g",159.099121568657,0.0205982996149338,32.0725810964995
"288","3201_SF2gD",164.770549737539,-0.011708732964415,31.8415703680013
"289","3201_SL3g",145.207678372628,0.0100830037976383,32.0951464335712
"290","3201_SL3gD",149.694185027489,-0.0066408116787777,31.8759061193739
"291","3202_Blkg",136.723667771194,-0.000505033866315165,32.2436925928119
"292","3202_BlkgD",137.689230016747,-0.000451270324027621,32.139246495165
"293","3202_MA1g",136.284456207616,0.00949299947845208,32.2662990071619
"294","3202_MA1gD",146.094921491588,-0.00624866622328101,32.1445803112984
"295","3202_MC2g",139.467216840896,0.0062566959949868,32.3641194946669
"296","3202_MC2gD",147.592954814125,-0.00505166846073241,32.1180529388172
"297","3202_MF2g",121.111868059427,0.00957757187966901,32.4054127171058
"298","3202_MF2gD",132.005308308776,-0.00698851446467634,32.3254009180135
"299","3202_ML3g",131.355594611548,0.016512721786492,32.5173459614289
"300","3202_ML3gD",149.733367467365,-0.0109953101090095,32.3877211717881
"301","3202_SA2g",144.566907244298,0.0067134273642807,32.3836419328079
"302","3202_SA2gD",152.354771069754,-0.00474054091708394,32.4344474094324
"303","3202_SC1g",123.227296413795,0.00818606869336365,32.1794015855596
"304","3202_SC1gD",128.930596162284,-0.00412500695108844,27.5918044252688
"305","3202_SF3g",133.34581151023,0.0110346120170723,32.3880204000671
"306","3202_SF3gD",147.240261155086,-0.00803426231459756,32.239662670778
"307","3202_SL2g",154.745550189271,0.0116534521233466,32.3215668089237
"308","3202_SL2gD",166.734383835243,-0.00720922422508902,32.3362293385548
"309","3203_Blkg",144.062732164192,-0.000224506313251702,32.8858593415038
"310","3203_BlkgD",143.924863763881,0.000489139690435478,33.4134212776616
"311","3203_MA3g",134.956400739936,0.00110857025203902,32.4821758695894
"312","3203_MA3gD",141.231802742192,-0.00690180602328764,32.5690014930751
"313","3203_MC3g",117.391268455529,0.00787915101811362,32.7151856166715
"314","3203_MC3gD",121.671201253732,-0.00588305171643074,33.0453353512451
"315","3203_MF1g",126.035840501555,0.00689851901761659,32.6624186708536
"316","3203_MF1gD",136.495313475377,-0.0118343211433464,32.8919989411885
"317","3203_ML1g",122.081278065939,0.00801075669417839,32.6328989955488
"318","3203_ML1gD",127.128119775521,-0.00571994380959072,32.7947943682189
"319","3203_SA3g",136.247930235158,-0.000625023458792199,32.6184944050676
"320","3203_SA3gD",142.221988400294,-0.00634917311617935,32.7380152096893
"321","3203_SC2g",139.521163815295,0.00154937125081588,32.8745966364232
"322","3203_SC2gD",143.735499018067,-0.00407265895281917,33.1948632705788
"323","3203_SF1g",123.275663137173,6.3032231020137e-05,32.7306722517143
"324","3203_SF1gD",130.340862586737,-0.00779120318299876,33.0429224246376
"325","3203_SL1g",129.764800583403,-0.00270259252414041,32.7933245153428
"326","3203_SL1gD",138.246262444834,-0.00803129474281502,33.1786888066055
"327","3401_Blkf",171.100963931327,-0.00235778902803533,34.3522106852942
"328","3401_BlkfD",173.630525973646,-0.00189417717685816,34.1732483706574
"329","3401_MA3f",122.274127574059,-0.000660514513898124,34.2620941879633
"330","3401_MA3fD",131.797155311461,-0.00986916092649922,34.0859008117443
"331","3401_MC1f",157.429098078475,-0.00108759594549399,34.2669756077795
"332","3401_MC1fD",166.050365688406,-0.0097092062162544,34.1523267969935
"333","3401_MF3f",104.659580261369,-0.00717393277989111,34.2492998924769
"334","3401_MF3fD",117.553913323396,-0.0132583377356269,34.0842087737743
"335","3401_ML2f",118.42415791497,0.00490033480012245,34.3441836394818
"336","3401_ML2fD",125.45399618333,-0.00825441712248598,34.2353869328892
"337","3401_SA3f",99.5366956937588,-0.00453057143318007,34.2115704901453
"338","3401_SA3fD",108.176662599118,-0.00845347186467252,34.0374497131555
"339","3401_SC1f",134.107064389375,0.00364248660099836,34.3388361769585
"340","3401_SC1fD",142.415764328704,-0.0104243509867981,34.25277808939
"341","3401_SF1f",148.817266287071,-0.00877030581914259,34.3749552939661
"342","3401_SF1fD",161.549073181028,-0.0124750736765834,34.2164201206327
"343","3401_SL3f",133.046842622424,-0.00191063378143699,34.4747135458454
"344","3401_SL3fD",141.001659023846,-0.00804760961342352,34.4655864133593
"345","3402_Blkf",127.966689865775,-0.00163516458706836,34.3604285762875
"346","3402_BlkfD",129.637430945118,-0.00146806480468677,34.3993309933426
"347","3402_MA2f",135.857044582047,-0.00189724343873284,34.3620716861635
"348","3402_MA2fD",142.004873888892,-0.00579913911595574,34.2340902839857
"349","3402_MC3f",138.957550201374,0.00306034919797709,34.2216482283694
"350","3402_MC3fD",145.270888515186,-0.00855325996184382,34.1235153657179
"351","3402_MF1f",152.320907409376,-0.00537623691828375,34.361075479811
"352","3402_MF1fD",163.260999889399,-0.0130943811841196,34.1843285737667
"353","3402_ML1f",120.919058744045,0.00473734500308062,34.2000257060409
"354","3402_ML1fD",127.136869176273,-0.00855748610641075,34.0524044002602
"355","3402_SA2f",117.774363177676,-0.00246908005618202,34.2560484912207
"356","3402_SA2fD",125.10223613257,-0.00783192586564131,34.1266664686728
"357","3402_SC3f",105.214360029136,0.00174436870079271,34.1074356701279
"358","3402_SC3fD",109.095722150178,-0.00493795402680261,33.9332207105192
"359","3402_SF3f",108.104641733367,-0.0050676938841105,34.2007909365558
"360","3402_SF3fD",116.782671359847,-0.0107327017895797,33.9982547151157
"361","3402_SL1f",145.147869801532,-0.00970866943433271,34.3272968599612
"362","3402_SL1fD",159.195076978535,-0.0148603647332603,34.1330310946285
"363","3403_Blkf",105.929011850224,-0.00179607647657189,34.0898688827815
"364","3403_BlkfD",108.010926360683,-0.00192607252512742,33.9122654052536
"365","3403_MA1f",152.366977607467,0.00301410067814041,34.4057611205067
"366","3403_MA1fD",164.20119511642,-0.0122323723547949,34.2177820014313
"367","3403_MC2f",155.715939181125,0.00385964375116779,34.3865255261302
"368","3403_MC2fD",164.292679656036,-0.0104409817883946,34.3456686482681
"369","3403_MF2f",149.277640404366,-0.00594808221865285,34.5319423796521
"370","3403_MF2fD",159.358717561319,-0.0111370448518767,34.5239009343952
"371","3403_ML3f",122.479325465986,0.00218627403711087,34.0892056018455
"372","3403_ML3fD",133.804278882879,-0.0135169953286716,33.8254349905805
"373","3403_SA1f",135.207217701377,0.00326216915453556,34.0740907876766
"374","3403_SA1fD",143.645826804438,-0.00977239498144751,33.8664580454284
"375","3403_SC2f",116.535599053081,0.00463188295540508,34.2384216928567
"376","3403_SC2fD",123.748436721775,-0.00745609360739922,34.1254614785733
"377","3403_SF2f",127.14621241441,-0.00660494639721441,34.4052144209022
"378","3403_SF2fD",137.023358515104,-0.00988449996176039,34.3106905375172
"379","3403_SL2f",120.922664261949,0.00485142368920418,34.1555936196716
"380","3403_SL2fD",127.39593002996,-0.00785928305736047,33.9608438004435
"381","3601_Blka",134.727140016545,-0.000688144063960793,35.9577407513473
"382","3601_BlkaD",135.573313712881,-0.000685848205465445,35.7276051726274
"383","3601_MA3a",169.252231831241,-0.00749990686422542,36.0727428554868
"384","3601_MA3aD",177.277469795162,-0.00804400580696879,35.8878351857297
"385","3601_MC2a",134.033729084055,-0.00430775493851582,36.1062560238872
"386","3601_MC2aD",139.191820013043,-0.00522879968992931,35.9632733257423
"387","3601_MF1a",156.579829666663,-0.0148377975486179,36.132795456826
"388","3601_MF1aD",172.464797580228,-0.0155857525503555,35.8726669319567
"389","3601_ML2a",175.178442691994,-0.00580517402368672,36.1426322984259
"390","3601_ML2aD",182.459927076498,-0.00755363249545212,35.8792147646187
"391","3601_SA3a",126.74447538449,-0.00660342630259603,36.0135415849012
"392","3601_SA3aD",134.151217971281,-0.00743727247342417,35.718175996506
"393","3601_SC3a",153.923738534588,-0.00396155858952153,36.161728241497
"394","3601_SC3aD",158.336605636767,-0.00433863043407683,35.9977584175182
"395","3601_SF1a",140.37894084969,-0.00891054871687361,36.004894975066
"396","3601_SF1aD",151.24524227648,-0.0106646465530052,35.7978885107736
"397","3601_SL1a",121.599490662,-0.0086553334249788,35.7747998135391
"398","3601_SL1aD",135.203064447911,-0.0133831459898708,35.3775270579871
"399","3602_Blka",179.539911038808,-0.0012131971432605,36.3937004908203
"400","3602_BlkaD",180.76923454171,-0.00095162947691062,36.3868634812933
"401","3602_MA1a",120.589058407298,-0.00694077661531584,36.1986305439694
"402","3602_MA1aD",130.194979368052,-0.00812392176196019,36.0467662108542
"403","3602_MC3a",160.68798576985,-0.00772562048866661,36.3628509701246
"404","3602_MC3aD",170.62776253013,-0.00934691870131617,36.3242272951671
"405","3602_MF3a",119.244012579244,-0.0100957131194409,36.1453587942851
"406","3602_MF3aD",133.099661254927,-0.012077390379904,36.0094179831168
"407","3602_ML1a",112.140775264563,-0.00805409274994551,36.1377190774185
"408","3602_ML1aD",123.508259811293,-0.00944194704562413,36.0446914333802
"409","3602_SA1a",157.667428798176,-0.0121426239689035,36.2595521053065
"410","3602_SA1aD",171.626461769926,-0.0111779570856425,36.2482906052087
"411","3602_SC1a",104.421365339496,-0.00445032252303788,36.0963369701088
"412","3602_SC1aD",111.352570730272,-0.00647290442618191,35.9772615934139
"413","3602_SF3a",143.306678625761,-0.00581541915436478,36.3793703153854
"414","3602_SF3aD",151.049941757908,-0.00685832867388551,36.4254386916866
"415","3602_SL3a",134.361803523702,-0.00779574616122538,36.1597308968047
"416","3602_SL3aD",145.748536468649,-0.0103088456359019,36.1030043127559
"417","3603_Blka",147.981614632252,-0.00106120373642123,36.7079377819896
"418","3603_BlkaD",150.008416040725,-0.000593796399837639,37.0375759673829
"419","3603_MA2a",117.780343087448,-0.00322351979420653,36.851648521257
"420","3603_MA2aD",121.042167167684,-0.00269117079112818,37.258580750215
"421","3603_MC1a",98.1033220975074,-0.0046333803596949,36.6503384727827
"422","3603_MC1aD",103.058698810247,-0.00467782588093483,36.9318260666053
"423","3603_MF2a",108.14881379278,-0.00714939738342123,36.7872874560587
"424","3603_MF2aD",116.824233674445,-0.00847034397683532,37.161947722794
"425","3603_ML3a",118.593263232953,-0.00848638983672999,36.8048689652357
"426","3603_ML3aD",129.096351919274,-0.0103835639652219,37.170035867124
"427","3603_SA2a",153.023715803144,-0.00846387536833421,36.7833263168771
"428","3603_SA2aD",163.075397264536,-0.00932411785408004,37.0990233458892
"429","3603_SC2a",160.710616905166,-0.00676075690069303,36.7121175786331
"430","3603_SC2aD",167.97822802594,-0.00674070485806714,37.0956536642778
"431","3603_SF2a",103.728376829237,-0.00669624706914446,36.6593496663052
"432","3603_SF2aD",112.285590595803,-0.00847279605572837,36.9440414702647
"433","3603_SL2a",115.813574714775,-0.00432707707412264,36.7123979676297
"434","3603_SL2aD",121.038564448455,-0.005133863579338,37.0357526444146
